-- phpMyAdmin SQL Dump
-- version 4.5.1
-- http://www.phpmyadmin.net
--
-- Host: 127.0.0.1
-- Generation Time: Jan 04, 2018 at 05:22 PM
-- Server version: 10.1.16-MariaDB
-- PHP Version: 7.0.9

SET SQL_MODE = "NO_AUTO_VALUE_ON_ZERO";
SET time_zone = "+00:00";


/*!40101 SET @OLD_CHARACTER_SET_CLIENT=@@CHARACTER_SET_CLIENT */;
/*!40101 SET @OLD_CHARACTER_SET_RESULTS=@@CHARACTER_SET_RESULTS */;
/*!40101 SET @OLD_COLLATION_CONNECTION=@@COLLATION_CONNECTION */;
/*!40101 SET NAMES utf8mb4 */;

--
-- Database: `mitra`
--

-- --------------------------------------------------------

--
-- Table structure for table `jenis_kelamin`
--

CREATE TABLE `jenis_kelamin` (
  `id` int(11) NOT NULL,
  `nama` varchar(50) NOT NULL
) ENGINE=InnoDB DEFAULT CHARSET=latin1;

--
-- Dumping data for table `jenis_kelamin`
--

INSERT INTO `jenis_kelamin` (`id`, `nama`) VALUES
(1, 'LAKI-LAKI'),
(2, 'PEREMPUAN');

-- --------------------------------------------------------

--
-- Table structure for table `level`
--

CREATE TABLE `level` (
  `id` int(11) NOT NULL,
  `nama` varchar(50) NOT NULL
) ENGINE=InnoDB DEFAULT CHARSET=latin1;

--
-- Dumping data for table `level`
--

INSERT INTO `level` (`id`, `nama`) VALUES
(1, 'admin'),
(2, 'user');

-- --------------------------------------------------------

--
-- Table structure for table `master_desa`
--

CREATE TABLE `master_desa` (
  `id_desa` char(10) NOT NULL,
  `id_prop` char(2) NOT NULL,
  `id_kab` char(4) NOT NULL,
  `id_kec` char(7) NOT NULL,
  `nm_desa` varchar(50) NOT NULL
) ENGINE=InnoDB DEFAULT CHARSET=latin1;

--
-- Dumping data for table `master_desa`
--

INSERT INTO `master_desa` (`id_desa`, `id_prop`, `id_kab`, `id_kec`, `nm_desa`) VALUES
('7401050016', '74', '7401', '7401050', 'WASUAMBA'),
('7401050019', '74', '7401', '7401050', 'BONELALO'),
('7401050020', '74', '7401', '7401050', 'LASEMBANGI'),
('7401050021', '74', '7401', '7401050', 'KAMARU'),
('7401050022', '74', '7401', '7401050', 'SUANDALA'),
('7401050023', '74', '7401', '7401050', 'LAWELE'),
('7401050024', '74', '7401', '7401050', 'KAKENAUWE'),
('7401050025', '74', '7401', '7401050', 'WAOLEONA'),
('7401050026', '74', '7401', '7401050', 'WAGARI'),
('7401050027', '74', '7401', '7401050', 'SRIBATARA'),
('7401050028', '74', '7401', '7401050', 'TOGO MANGURA'),
('7401050029', '74', '7401', '7401050', 'WASAMBAA'),
('7401050030', '74', '7401', '7401050', 'TALAGA BARU'),
('7401050031', '74', '7401', '7401050', 'NAMBO'),
('7401050032', '74', '7401', '7401050', 'BENTENG'),
('7401051008', '74', '7401', '7401051', 'AMBUAU INDAH'),
('7401051009', '74', '7401', '7401051', 'MOPAANO'),
('7401051010', '74', '7401', '7401051', 'UMALAOGE'),
('7401051011', '74', '7401', '7401051', 'KINAPANI MAKMUR'),
('7401051012', '74', '7401', '7401051', 'LASALIMU'),
('7401051013', '74', '7401', '7401051', 'SIOMANURU'),
('7401051014', '74', '7401', '7401051', 'SIONTAPINA'),
('7401051015', '74', '7401', '7401051', 'WAJAH JAYA'),
('7401051016', '74', '7401', '7401051', 'MULYA JAYA'),
('7401051017', '74', '7401', '7401051', 'HARAPAN JAYA'),
('7401051018', '74', '7401', '7401051', 'SANGIA ARANO'),
('7401051019', '74', '7401', '7401051', 'MEGA BAHARI'),
('7401051020', '74', '7401', '7401051', 'SUMBER AGUNG'),
('7401051021', '74', '7401', '7401051', 'AMBUAU TOGO'),
('7401051022', '74', '7401', '7401051', 'BALIMU'),
('7401051023', '74', '7401', '7401051', 'REJO SARI'),
('7401052001', '74', '7401', '7401052', 'WALOMPO'),
('7401052002', '74', '7401', '7401052', 'MATANAUWE'),
('7401052003', '74', '7401', '7401052', 'SAMPUABALO'),
('7401052004', '74', '7401', '7401052', 'KURAA'),
('7401052005', '74', '7401', '7401052', 'KUMBEWAHA'),
('7401052006', '74', '7401', '7401052', 'SUMBER SARI'),
('7401052007', '74', '7401', '7401052', 'LABUANDIRI'),
('7401052008', '74', '7401', '7401052', 'KARYA'),
('7401052009', '74', '7401', '7401052', 'MANURU'),
('7401052010', '74', '7401', '7401052', 'BAHARI MAKMUR'),
('7401052011', '74', '7401', '7401052', 'GUNUNG JAYA'),
('7401060006', '74', '7401', '7401060', 'KONDOWA'),
('7401060007', '74', '7401', '7401060', 'DONGKALA'),
('7401060008', '74', '7401', '7401060', 'HOLIMOMBO'),
('7401060009', '74', '7401', '7401060', 'TAKIMPO'),
('7401060010', '74', '7401', '7401060', 'KOMBELI'),
('7401060011', '74', '7401', '7401060', 'AWAINULU'),
('7401060012', '74', '7401', '7401060', 'LABURUNCI'),
('7401060013', '74', '7401', '7401060', 'BANABUNGI'),
('7401060014', '74', '7401', '7401060', 'KAMBULA MBULANA'),
('7401060015', '74', '7401', '7401060', 'PASAR WAJO'),
('7401060016', '74', '7401', '7401060', 'SARAGI'),
('7401060017', '74', '7401', '7401060', 'KAONGKEOKEA'),
('7401060018', '74', '7401', '7401060', 'WAANGU-ANGU'),
('7401060019', '74', '7401', '7401060', 'WARINTA'),
('7401060020', '74', '7401', '7401060', 'LAPODI'),
('7401060021', '74', '7401', '7401060', 'WAKOKO'),
('7401060022', '74', '7401', '7401060', 'WASAGA'),
('7401060023', '74', '7401', '7401060', 'KANCINAA'),
('7401060024', '74', '7401', '7401060', 'WINNING'),
('7401060029', '74', '7401', '7401060', 'HOLIMOMBO JAYA'),
('7401060030', '74', '7401', '7401060', 'KABAWOKOLE'),
('7401060031', '74', '7401', '7401060', 'MANTOWU'),
('7401061025', '74', '7401', '7401061', 'KAUMBU'),
('7401061026', '74', '7401', '7401061', 'WOLOWA'),
('7401061027', '74', '7401', '7401061', 'MATAWIA'),
('7401061028', '74', '7401', '7401061', 'WOLOWA BARU'),
('7401061029', '74', '7401', '7401061', 'SUKAMAJU'),
('7401061030', '74', '7401', '7401061', 'GALANTI'),
('7401061031', '74', '7401', '7401061', 'BUNGI'),
('7401062001', '74', '7401', '7401062', 'WASUEMBA'),
('7401062002', '74', '7401', '7401062', 'WABULA'),
('7401062003', '74', '7401', '7401062', 'WASAMPELA'),
('7401062005', '74', '7401', '7401062', 'KOHOLIMOMBONA'),
('7401062006', '74', '7401', '7401062', 'WABULA 1'),
('7401062007', '74', '7401', '7401062', 'BAJO BAHARI'),
('7401110001', '74', '7401', '7401110', 'BARANGKA'),
('7401110002', '74', '7401', '7401110', 'WAKALAMBE'),
('7401110003', '74', '7401', '7401110', 'BONEATIRO'),
('7401110004', '74', '7401', '7401110', 'LAMBUSANGO'),
('7401110005', '74', '7401', '7401110', 'WATUMOTOBE'),
('7401110006', '74', '7401', '7401110', 'WAONDO WOLIO'),
('7401110007', '74', '7401', '7401110', 'WAKANGKA'),
('7401110008', '74', '7401', '7401110', 'TUANGILA'),
('7401110009', '74', '7401', '7401110', 'BUKIT ASRI'),
('7401110010', '74', '7401', '7401110', 'TODANGA'),
('7401110011', '74', '7401', '7401110', 'LAMBUSANGO TIMUR'),
('7401110012', '74', '7401', '7401110', 'KAMELANTA'),
('7401110013', '74', '7401', '7401110', 'MABULUGO'),
('7401110014', '74', '7401', '7401110', 'WAMBULU'),
('7401110015', '74', '7401', '7401110', 'WAKULI'),
('7401110016', '74', '7401', '7401110', 'TUMADA'),
('7401110017', '74', '7401', '7401110', 'BONEATIRO BARAT'),
('7402010006', '74', '7402', '7402010', 'OENO KANDOLI'),
('7402010007', '74', '7402', '7402010', 'MATANO OE'),
('7402010008', '74', '7402', '7402010', 'WALENGKABHOLA'),
('7402010011', '74', '7402', '7402010', 'LAMORENDE'),
('7402010012', '74', '7402', '7402010', 'LAANO SANDANA'),
('7402010013', '74', '7402', '7402010', 'FONGKANIWA'),
('7402010014', '74', '7402', '7402010', 'TOMBULA'),
('7402010015', '74', '7402', '7402010', 'DANAGOA'),
('7402010016', '74', '7402', '7402010', 'LAGHONTOGHE'),
('7402010017', '74', '7402', '7402010', 'KONTUMOLEPE'),
('7402010018', '74', '7402', '7402010', 'LAKOLOGOU'),
('7402010019', '74', '7402', '7402010', 'UP. WUNA'),
('7402010020', '74', '7402', '7402010', 'LALOYA'),
('7402010021', '74', '7402', '7402010', 'TONGKUNO'),
('7402011001', '74', '7402', '7402011', 'KULIDAWA'),
('7402011002', '74', '7402', '7402011', 'WAALE-ALE'),
('7402011003', '74', '7402', '7402011', 'LABASA'),
('7402011004', '74', '7402', '7402011', 'KATUMPU'),
('7402011005', '74', '7402', '7402011', 'OE WAUNGKA'),
('7402011006', '74', '7402', '7402011', 'LIANOSA'),
('7402011007', '74', '7402', '7402011', 'LABASA SELATAN'),
('7402011008', '74', '7402', '7402011', 'WAALE-ALE BARAT'),
('7402020010', '74', '7402', '7402020', 'WARAMBE'),
('7402020011', '74', '7402', '7402020', 'WALAMBENO WITE'),
('7402020012', '74', '7402', '7402020', 'WAKUMORO'),
('7402020013', '74', '7402', '7402020', 'KOSUNDANO'),
('7402020014', '74', '7402', '7402020', 'KOLASA'),
('7402020015', '74', '7402', '7402020', 'PARIGI'),
('7402020016', '74', '7402', '7402020', 'WASOLANGKA'),
('7402020017', '74', '7402', '7402020', 'WAPUALE'),
('7402020018', '74', '7402', '7402020', 'LABULU-BULU'),
('7402020019', '74', '7402', '7402020', 'LATAMPU'),
('7402020020', '74', '7402', '7402020', 'LAIBA'),
('7402020021', '74', '7402', '7402020', 'KATAPI'),
('7402020022', '74', '7402', '7402020', 'LATONGKU'),
('7402020023', '74', '7402', '7402020', 'LABALIA'),
('7402020024', '74', '7402', '7402020', 'LATANDI WUNA'),
('7402021006', '74', '7402', '7402021', 'BONE TONDO'),
('7402021007', '74', '7402', '7402021', 'BONE LOLIBU'),
('7402021008', '74', '7402', '7402021', 'BHONE KAINSETALA'),
('7402021011', '74', '7402', '7402021', 'MATOMBURA'),
('7402021012', '74', '7402', '7402021', 'OELONGKO'),
('7402021013', '74', '7402', '7402021', 'MATOMBURA KANINI'),
('7402021014', '74', '7402', '7402021', 'OENGKALOGHA'),
('7402022001', '74', '7402', '7402022', 'PASIKUTA'),
('7402022002', '74', '7402', '7402022', 'TAPI-TAPI'),
('7402022003', '74', '7402', '7402022', 'MAROBO'),
('7402022004', '74', '7402', '7402022', 'WADOLAO'),
('7402022005', '74', '7402', '7402022', 'POAROHA'),
('7402022006', '74', '7402', '7402022', 'TOROH BUNGING'),
('7402022007', '74', '7402', '7402022', 'KASASINO SARA'),
('7402030001', '74', '7402', '7402030', 'KAWITE WITE'),
('7402030002', '74', '7402', '7402030', 'LAMANU'),
('7402030003', '74', '7402', '7402030', 'WANTIWORO'),
('7402030004', '74', '7402', '7402030', 'KASAKA'),
('7402030005', '74', '7402', '7402030', 'LAMAEO'),
('7402030006', '74', '7402', '7402030', 'KONTUMERE'),
('7402030007', '74', '7402', '7402030', 'KAMBAWUNA'),
('7402030008', '74', '7402', '7402030', 'LAIMPI'),
('7402030009', '74', '7402', '7402030', 'BENTE'),
('7402030010', '74', '7402', '7402030', 'R A N G K A'),
('7402030019', '74', '7402', '7402030', 'BEA'),
('7402031001', '74', '7402', '7402031', 'KOMBA-KOMBA'),
('7402031002', '74', '7402', '7402031', 'OENSULI'),
('7402031003', '74', '7402', '7402031', 'KABANGKA'),
('7402031004', '74', '7402', '7402031', 'SARIMULYO'),
('7402031005', '74', '7402', '7402031', 'WAKOBALU AGUNG'),
('7402031006', '74', '7402', '7402031', 'WANSUGI'),
('7402031007', '74', '7402', '7402031', 'WATALIKU'),
('7402031008', '74', '7402', '7402031', 'LAKANDITO'),
('7402031009', '74', '7402', '7402031', 'LUPIA'),
('7402031010', '74', '7402', '7402031', 'LAPILI BANGKA'),
('7402032001', '74', '7402', '7402032', 'LAGHORIO'),
('7402032002', '74', '7402', '7402032', 'KAFOO-FOO'),
('7402032003', '74', '7402', '7402032', 'KONTUKOWUNA'),
('7402032004', '74', '7402', '7402032', 'BAHUTARA'),
('7402032005', '74', '7402', '7402032', 'KILAMBIBITO'),
('7402032006', '74', '7402', '7402032', 'KAROO'),
('7402061001', '74', '7402', '7402061', 'LIABALANO'),
('7402061002', '74', '7402', '7402061', 'KONTUNAGA'),
('7402061003', '74', '7402', '7402061', 'MAABHODO'),
('7402061004', '74', '7402', '7402061', 'MASALILI'),
('7402061010', '74', '7402', '7402061', 'LAPODIDI'),
('7402061011', '74', '7402', '7402061', 'SAUNGKAGHITO'),
('7402061012', '74', '7402', '7402061', 'TEWEGHU'),
('7402062001', '74', '7402', '7402062', 'LABAHA'),
('7402062002', '74', '7402', '7402062', 'WATOPUTE'),
('7402062003', '74', '7402', '7402062', 'BANGKALI'),
('7402062004', '74', '7402', '7402062', 'BHANGKALI BARAT'),
('7402062005', '74', '7402', '7402062', 'DANA'),
('7402062006', '74', '7402', '7402062', 'LAKAPODO'),
('7402062007', '74', '7402', '7402062', 'WAKADIA'),
('7402062008', '74', '7402', '7402062', 'MATARAWA'),
('7402062009', '74', '7402', '7402062', 'WALI'),
('7402062010', '74', '7402', '7402062', 'DANA TIMUR'),
('7402062011', '74', '7402', '7402062', 'WAKADIA BARAT'),
('7402070018', '74', '7402', '7402070', 'RAHA I'),
('7402070019', '74', '7402', '7402070', 'LAENDE'),
('7402070020', '74', '7402', '7402070', 'FOO KUNI'),
('7402070021', '74', '7402', '7402070', 'WATONEA'),
('7402070022', '74', '7402', '7402070', 'RAHA  II'),
('7402070023', '74', '7402', '7402070', 'BUTUNG-BUTUNG'),
('7402070024', '74', '7402', '7402070', 'WAMPONIKI'),
('7402070025', '74', '7402', '7402070', 'RAHA III'),
('7402071001', '74', '7402', '7402071', 'LIANGKOBORI'),
('7402071002', '74', '7402', '7402071', 'MAABHOLU'),
('7402071003', '74', '7402', '7402071', 'KONDONGIA'),
('7402071004', '74', '7402', '7402071', 'WAARA'),
('7402071005', '74', '7402', '7402071', 'MANTOBUA'),
('7402071006', '74', '7402', '7402071', 'KORIHI'),
('7402071007', '74', '7402', '7402071', 'LAKARINTA'),
('7402071008', '74', '7402', '7402071', 'LOHIA'),
('7402071009', '74', '7402', '7402071', 'LOGHIYA'),
('7402071010', '74', '7402', '7402071', 'LAWELA'),
('7402072001', '74', '7402', '7402072', 'BANGGAI'),
('7402072002', '74', '7402', '7402072', 'LASUNAPA'),
('7402072003', '74', '7402', '7402072', 'GHONSUME'),
('7402072004', '74', '7402', '7402072', 'WAPUNTO'),
('7402072005', '74', '7402', '7402072', 'GHONE BHALANO'),
('7402072006', '74', '7402', '7402072', 'LAGASA'),
('7402072007', '74', '7402', '7402072', 'PALANGGA'),
('7402072008', '74', '7402', '7402072', 'LONGKIDA'),
('7402072009', '74', '7402', '7402072', 'WABAHARA'),
('7402073001', '74', '7402', '7402073', 'WAWESA'),
('7402073002', '74', '7402', '7402073', 'LAIWORU'),
('7402073003', '74', '7402', '7402073', 'WAKORAMBU'),
('7402073004', '74', '7402', '7402073', 'SIDODADI'),
('7402080008', '74', '7402', '7402080', 'LAMBIKU'),
('7402080009', '74', '7402', '7402080', 'PENTIRO'),
('7402080010', '74', '7402', '7402080', 'NAPABALANO'),
('7402080011', '74', '7402', '7402080', 'TAMPO'),
('7402080012', '74', '7402', '7402080', 'NAPALAKURA'),
('7402080013', '74', '7402', '7402080', 'LANGKUMAPO'),
('7402080014', '74', '7402', '7402080', 'MEKAR SAMA'),
('7402081001', '74', '7402', '7402081', 'BANGUN SARI'),
('7402081002', '74', '7402', '7402081', 'LASALEPA'),
('7402081003', '74', '7402', '7402081', 'PARIDA'),
('7402081004', '74', '7402', '7402081', 'LABUNTI'),
('7402081005', '74', '7402', '7402081', 'BONEA'),
('7402081006', '74', '7402', '7402081', 'LABONE'),
('7402081007', '74', '7402', '7402081', 'KOMBUNGO'),
('7402081008', '74', '7402', '7402081', 'RODA'),
('7402083001', '74', '7402', '7402083', 'RENDA'),
('7402083002', '74', '7402', '7402083', 'BHONTU-BHONTU'),
('7402083003', '74', '7402', '7402083', 'M O A S I'),
('7402083004', '74', '7402', '7402083', 'LAKARAMA'),
('7402083005', '74', '7402', '7402083', 'WANGKOLABU'),
('7402083006', '74', '7402', '7402083', 'BONTU-BONTU BARAT'),
('7402083007', '74', '7402', '7402083', 'TANJUNG HARAPAN'),
('7402083008', '74', '7402', '7402083', 'TANGKALALO'),
('7402090009', '74', '7402', '7402090', 'WAKORUMBA'),
('7402090010', '74', '7402', '7402090', 'PURE'),
('7402090011', '74', '7402', '7402090', 'BHAKEALU'),
('7402090012', '74', '7402', '7402090', 'LABUNIA(PURE)'),
('7402090013', '74', '7402', '7402090', 'WAMBONA'),
('7402090015', '74', '7402', '7402090', 'WANDIRI'),
('7402090016', '74', '7402', '7402090', 'TOLAKU'),
('7402091001', '74', '7402', '7402091', 'LIWUMETINGKI'),
('7402091002', '74', '7402', '7402091', 'KAMOSOPE'),
('7402091007', '74', '7402', '7402091', 'POLA'),
('7402091008', '74', '7402', '7402091', 'KOGHOLIFANO'),
('7402091009', '74', '7402', '7402091', 'LABULAWA'),
('7402091010', '74', '7402', '7402091', 'BUMBU'),
('7402091011', '74', '7402', '7402091', 'WANGGUALI'),
('7402092001', '74', '7402', '7402092', 'KOLESE'),
('7402092002', '74', '7402', '7402092', 'MATA INDAHA'),
('7402092003', '74', '7402', '7402092', 'LAMBELU'),
('7402092004', '74', '7402', '7402092', 'TAMPUNABALE'),
('7402092005', '74', '7402', '7402092', 'MAATAMPE'),
('7402092006', '74', '7402', '7402092', 'LANTOGALALO'),
('7402111004', '74', '7402', '7402111', 'POHORUA'),
('7402111005', '74', '7402', '7402111', 'LAPOLE'),
('7402111006', '74', '7402', '7402111', 'MALIGANO'),
('7402111007', '74', '7402', '7402111', 'RAIMUNA'),
('7402111008', '74', '7402', '7402111', 'LATOMPA'),
('7402111009', '74', '7402', '7402111', 'LANGKORONI'),
('7402111010', '74', '7402', '7402111', 'UPT LANGKORONI'),
('7402112001', '74', '7402', '7402112', 'BALUARA'),
('7402112002', '74', '7402', '7402112', 'MOOLO'),
('7402112003', '74', '7402', '7402112', 'LANOBAKE'),
('7402112004', '74', '7402', '7402112', 'BONE-BONE'),
('7402112005', '74', '7402', '7402112', 'TANGKENO'),
('7403090010', '74', '7403', '7403090', 'WAWORAHA'),
('7403090011', '74', '7403', '7403090', 'SOROPIA'),
('7403090012', '74', '7403', '7403090', 'SAWAPUDO'),
('7403090013', '74', '7403', '7403090', 'ATOWATU'),
('7403090014', '74', '7403', '7403090', 'TORONIPA'),
('7403090015', '74', '7403', '7403090', 'BOKORI'),
('7403090016', '74', '7403', '7403090', 'MEKAR'),
('7403090017', '74', '7403', '7403090', 'BAJO INDAH'),
('7403090018', '74', '7403', '7403090', 'TAPULAGA'),
('7403090019', '74', '7403', '7403090', 'SORUE JAYA'),
('7403090020', '74', '7403', '7403090', 'SAPONDA'),
('7403090023', '74', '7403', '7403090', 'TELAGA BIRU'),
('7403090024', '74', '7403', '7403090', 'BAJOE'),
('7403090025', '74', '7403', '7403090', 'LEPPE'),
('7403090026', '74', '7403', '7403090', 'SAPONDA LAUT'),
('7403091001', '74', '7403', '7403091', 'BATU GONG'),
('7403091002', '74', '7403', '7403091', 'WATUNGGARANDU'),
('7403091003', '74', '7403', '7403091', 'TOOLA  WAWO'),
('7403091004', '74', '7403', '7403091', 'LALONGGASUMEETO'),
('7403091005', '74', '7403', '7403091', 'BUMI INDAH'),
('7403091006', '74', '7403', '7403091', 'PUUWONUA'),
('7403091007', '74', '7403', '7403091', 'LALOMBODA'),
('7403091008', '74', '7403', '7403091', 'RAPAMBINOPAKA'),
('7403091009', '74', '7403', '7403091', 'NII TANASA'),
('7403091010', '74', '7403', '7403091', 'TOLI-TOLI'),
('7403091011', '74', '7403', '7403091', 'WAWOBUNGI'),
('7403100010', '74', '7403', '7403100', 'BAINI'),
('7403100011', '74', '7403', '7403100', 'KONGGAMEA'),
('7403100012', '74', '7403', '7403100', 'POHARA'),
('7403100013', '74', '7403', '7403100', 'ANDEPALI'),
('7403100014', '74', '7403', '7403100', 'WAWOLIMBUE'),
('7403100015', '74', '7403', '7403100', 'SAMPARA'),
('7403100016', '74', '7403', '7403100', 'ANDADOWI'),
('7403100017', '74', '7403', '7403100', 'POLUA'),
('7403100018', '74', '7403', '7403100', 'RAWUA'),
('7403100019', '74', '7403', '7403100', 'BAO-BAO'),
('7403100020', '74', '7403', '7403100', 'P U U L O R O'),
('7403100021', '74', '7403', '7403100', 'BONDOALA'),
('7403100022', '74', '7403', '7403100', 'ANDAROA'),
('7403100023', '74', '7403', '7403100', 'TOTOMBE JAYA'),
('7403101010', '74', '7403', '7403101', 'PEBUNOOHA DALAM'),
('7403101011', '74', '7403', '7403101', 'PEBUNOOHA'),
('7403101012', '74', '7403', '7403101', 'RUMBIA'),
('7403101013', '74', '7403', '7403101', 'DIOLO'),
('7403101014', '74', '7403', '7403101', 'L A O S U'),
('7403101015', '74', '7403', '7403101', 'LALONGGALUKU'),
('7403101026', '74', '7403', '7403101', 'RAMBU KONGGA'),
('7403101027', '74', '7403', '7403101', 'LAOSU JAYA'),
('7403101028', '74', '7403', '7403101', 'LALONGGALUKU TIMUR'),
('7403102001', '74', '7403', '7403102', 'ULU POHARA'),
('7403102002', '74', '7403', '7403102', 'AMOSILU'),
('7403102003', '74', '7403', '7403102', 'RANOMOLUA'),
('7403102004', '74', '7403', '7403102', 'LAWONUA'),
('7403102005', '74', '7403', '7403102', 'ASUNDE'),
('7403102006', '74', '7403', '7403102', 'ANDOMESINGGO'),
('7403102007', '74', '7403', '7403102', 'BESULUTU'),
('7403102008', '74', '7403', '7403102', 'ONEMBUTE'),
('7403102009', '74', '7403', '7403102', 'LABELA'),
('7403102010', '74', '7403', '7403102', 'SILEA'),
('7403102011', '74', '7403', '7403102', 'LALOUMERA'),
('7403102012', '74', '7403', '7403102', 'PUULOWARU'),
('7403102013', '74', '7403', '7403102', 'PUUNDOHO'),
('7403102014', '74', '7403', '7403102', 'PUUNGGALUKU'),
('7403103001', '74', '7403', '7403103', 'LAMENDORA'),
('7403103002', '74', '7403', '7403103', 'KAPOI ALA'),
('7403103003', '74', '7403', '7403103', 'SAMBARAASI'),
('7403103004', '74', '7403', '7403103', 'LABOTOY'),
('7403103005', '74', '7403', '7403103', 'PEREOA'),
('7403103006', '74', '7403', '7403103', 'LALIMBUE'),
('7403103007', '74', '7403', '7403103', 'MUARA SAMPARA'),
('7403103008', '74', '7403', '7403103', 'ULU LALIMBUE'),
('7403103009', '74', '7403', '7403103', 'LALIMBUE JAYA'),
('7403103010', '74', '7403', '7403103', 'TANI INDAH'),
('7403103011', '74', '7403', '7403103', 'TOMBAWATU'),
('7403103012', '74', '7403', '7403103', 'KAPOIALA BARU'),
('7403103013', '74', '7403', '7403103', 'LABOTOY JAYA'),
('7403103014', '74', '7403', '7403103', 'LALONGGOMUNO'),
('7403104001', '74', '7403', '7403104', 'ANGGALOMOARE JAYA'),
('7403104002', '74', '7403', '7403104', 'ANGGALOMOARE'),
('7403104003', '74', '7403', '7403104', 'LASOSO'),
('7403104004', '74', '7403', '7403104', 'LAKOMEA'),
('7403104005', '74', '7403', '7403104', 'ABELISAWAH'),
('7403104006', '74', '7403', '7403104', 'PUUSAWAH'),
('7403104007', '74', '7403', '7403104', 'ANDOBEU JAYA'),
('7403104008', '74', '7403', '7403104', 'GALU'),
('7403104009', '74', '7403', '7403104', 'PUUSANGI'),
('7403104010', '74', '7403', '7403104', 'TABANGGELE'),
('7403105001', '74', '7403', '7403105', 'MENDIKONU'),
('7403105002', '74', '7403', '7403105', 'WONUA MORINI'),
('7403105003', '74', '7403', '7403105', 'B E S U'),
('7403105004', '74', '7403', '7403105', 'P A K U'),
('7403105005', '74', '7403', '7403105', 'PUURUY'),
('7403105006', '74', '7403', '7403105', 'MOROSI'),
('7403105007', '74', '7403', '7403105', 'PORARA'),
('7403105008', '74', '7403', '7403105', 'TANGGOBU'),
('7403105009', '74', '7403', '7403105', 'PAKU JAYA'),
('7403105010', '74', '7403', '7403105', 'TONDOWATU'),
('7403130046', '74', '7403', '7403130', 'MERAKA'),
('7403130048', '74', '7403', '7403130', 'AWULITI'),
('7403130049', '74', '7403', '7403130', 'AMBERI'),
('7403130055', '74', '7403', '7403130', 'LAMBUYA'),
('7403130056', '74', '7403', '7403130', 'ASAKI'),
('7403130059', '74', '7403', '7403130', 'WATAREMA'),
('7403130060', '74', '7403', '7403130', 'WONUAHOA'),
('7403130061', '74', '7403', '7403130', 'TETEMBOMUA'),
('7403131001', '74', '7403', '7403131', 'BARUGA'),
('7403131002', '74', '7403', '7403131', 'LANGGOMEA'),
('7403131003', '74', '7403', '7403131', 'MATAHOALU'),
('7403131004', '74', '7403', '7403131', 'TAWAROTEBOTA'),
('7403131005', '74', '7403', '7403131', 'TAWAMELEWE'),
('7403131006', '74', '7403', '7403131', 'UEPAI'),
('7403131007', '74', '7403', '7403131', 'AMERORO'),
('7403131008', '74', '7403', '7403131', 'AMAROA'),
('7403131009', '74', '7403', '7403131', 'R A W U A'),
('7403131010', '74', '7403', '7403131', 'ANGGOPIU'),
('7403131011', '74', '7403', '7403131', 'OLO-OLOHO'),
('7403131012', '74', '7403', '7403131', 'HUMBOTO'),
('7403131013', '74', '7403', '7403131', 'KASAEDA'),
('7403131014', '74', '7403', '7403131', 'TANGGONDIPO'),
('7403131015', '74', '7403', '7403131', 'TAMESANDI'),
('7403131016', '74', '7403', '7403131', 'MOOREHE'),
('7403131017', '74', '7403', '7403131', 'ANGGAWO'),
('7403131018', '74', '7403', '7403131', 'PUURODA JAYA'),
('7403131019', '74', '7403', '7403131', 'PANGGULAWU'),
('7403132001', '74', '7403', '7403132', 'PURIALA'),
('7403132002', '74', '7403', '7403132', 'POANAHA'),
('7403132003', '74', '7403', '7403132', 'AHUAWALI'),
('7403132004', '74', '7403', '7403132', 'WATANDEHOA'),
('7403132005', '74', '7403', '7403132', 'SONAI'),
('7403132006', '74', '7403', '7403132', 'WATUSA'),
('7403132007', '74', '7403', '7403132', 'WONUA MOROME'),
('7403132009', '74', '7403', '7403132', 'LALONGGATU'),
('7403132010', '74', '7403', '7403132', 'TETEWATU'),
('7403132011', '74', '7403', '7403132', 'MOKALELEO'),
('7403132012', '74', '7403', '7403132', 'UNGGULINO'),
('7403132013', '74', '7403', '7403132', 'TETEHAKA'),
('7403132014', '74', '7403', '7403132', 'PUUHOPA'),
('7403132015', '74', '7403', '7403132', 'LALO ONAHA'),
('7403132016', '74', '7403', '7403132', 'WAWO SANGGULA'),
('7403133001', '74', '7403', '7403133', 'TRIMULYA'),
('7403133002', '74', '7403', '7403133', 'NAPOOSI'),
('7403133003', '74', '7403', '7403133', 'KASUMEIA'),
('7403133004', '74', '7403', '7403133', 'ULU ONEMBUTE'),
('7403133006', '74', '7403', '7403133', 'KUMAPO'),
('7403133007', '74', '7403', '7403133', 'SUKA MAJU (ULU MERAKA)'),
('7403133008', '74', '7403', '7403133', 'TAWA PANDERE'),
('7403133010', '74', '7403', '7403133', 'MATAIWOI'),
('7403133011', '74', '7403', '7403133', 'ANA ONEMBUTE'),
('7403133012', '74', '7403', '7403133', 'ANGGALOOSI'),
('7403140003', '74', '7403', '7403140', 'BELATU'),
('7403140004', '74', '7403', '7403140', 'AHUAWATU'),
('7403140005', '74', '7403', '7403140', 'AMBU ULANU'),
('7403140022', '74', '7403', '7403140', 'PUUMBINISI'),
('7403140023', '74', '7403', '7403140', 'HONGOA'),
('7403140024', '74', '7403', '7403140', 'MUMUN DOWU'),
('7403140025', '74', '7403', '7403140', 'PONDIDAHA'),
('7403140026', '74', '7403', '7403140', 'AMESIU'),
('7403140027', '74', '7403', '7403140', 'WAWOLEMO'),
('7403140028', '74', '7403', '7403140', 'TIRAWUTA'),
('7403140029', '74', '7403', '7403140', 'LALOIKA'),
('7403140030', '74', '7403', '7403140', 'LALONGGOTOMI'),
('7403140031', '74', '7403', '7403140', 'SULEMANDARA'),
('7403140032', '74', '7403', '7403140', 'LALODANGGE'),
('7403140033', '74', '7403', '7403140', 'WONUA MANDARA'),
('7403140034', '74', '7403', '7403140', 'WAWOLAHAMBUTI'),
('7403140035', '74', '7403', '7403140', 'LAHUNGGUMBI'),
('7403140036', '74', '7403', '7403140', 'WONUA MONAPA'),
('7403141001', '74', '7403', '7403141', 'DAWI-DAWI'),
('7403141002', '74', '7403', '7403141', 'ANGGORO'),
('7403141003', '74', '7403', '7403141', 'BENDEWUTA'),
('7403141004', '74', '7403', '7403141', 'WAWOSOLO'),
('7403141005', '74', '7403', '7403141', 'PUUDURIA'),
('7403141006', '74', '7403', '7403141', 'DURIA ASI'),
('7403141015', '74', '7403', '7403141', 'WAWONGGOLE'),
('7403141016', '74', '7403', '7403141', 'LALOHAO'),
('7403141017', '74', '7403', '7403141', 'WAWOONE'),
('7403141018', '74', '7403', '7403141', 'WUKUSAO'),
('7403141021', '74', '7403', '7403141', 'LALOUSU'),
('7403141022', '74', '7403', '7403141', 'TETEMOTAHA'),
('7403141025', '74', '7403', '7403141', 'POLANDANGI'),
('7403141026', '74', '7403', '7403141', 'TAWAROLONDO'),
('7403141028', '74', '7403', '7403141', 'TETEWONUA'),
('7403141029', '74', '7403', '7403141', 'LANGGONAWE'),
('7403142001', '74', '7403', '7403142', 'MATA BURA'),
('7403142002', '74', '7403', '7403142', 'WAWOHINE'),
('7403142003', '74', '7403', '7403142', 'DUNGGUA'),
('7403142004', '74', '7403', '7403142', 'BENUA'),
('7403142006', '74', '7403', '7403142', 'AMENDETE'),
('7403142007', '74', '7403', '7403142', 'LALONONA'),
('7403142008', '74', '7403', '7403142', 'AMONGGEDO BARU'),
('7403142009', '74', '7403', '7403142', 'WATULAWU'),
('7403142010', '74', '7403', '7403142', 'ANAHINUNU'),
('7403142011', '74', '7403', '7403142', 'PUASANA'),
('7403142012', '74', '7403', '7403142', 'ULU BENUA'),
('7403142013', '74', '7403', '7403142', 'AMONGGEDO'),
('7403142015', '74', '7403', '7403142', 'LALOMBONDA'),
('7403143001', '74', '7403', '7403143', 'LINONGGASAI'),
('7403143002', '74', '7403', '7403143', 'TETEONA'),
('7403143003', '74', '7403', '7403143', 'AMBUWIU'),
('7403143004', '74', '7403', '7403143', 'TOBIMEITA'),
('7403143006', '74', '7403', '7403143', 'ANGADOLA'),
('7403143007', '74', '7403', '7403143', 'PUDAY'),
('7403143008', '74', '7403', '7403143', 'LAMBANGI'),
('7403143009', '74', '7403', '7403143', 'LAHUTUTU'),
('7403143010', '74', '7403', '7403143', 'LAMOKUNI'),
('7403143011', '74', '7403', '7403143', 'RANOTUNDOBU'),
('7403143012', '74', '7403', '7403143', 'KASUKIA'),
('7403143013', '74', '7403', '7403143', 'WONGGEDUKU'),
('7403143014', '74', '7403', '7403143', 'WATURAI'),
('7403150004', '74', '7403', '7403150', 'PUUSINAUWI'),
('7403150009', '74', '7403', '7403150', 'RANOEYA'),
('7403150010', '74', '7403', '7403150', 'NOHU NOHU'),
('7403150011', '74', '7403', '7403150', 'KASUPUTE'),
('7403150012', '74', '7403', '7403150', 'HOPA-HOPA'),
('7403150013', '74', '7403', '7403150', 'WAWOTOBI'),
('7403150014', '74', '7403', '7403150', 'BOSE BOSE'),
('7403150015', '74', '7403', '7403150', 'LALOSABILA'),
('7403150016', '74', '7403', '7403150', 'INALAHI'),
('7403150017', '74', '7403', '7403150', 'INOLOBU'),
('7403150018', '74', '7403', '7403150', 'KULAHI'),
('7403150019', '74', '7403', '7403150', 'PALARAHI'),
('7403150020', '74', '7403', '7403150', 'KORUMBA'),
('7403150021', '74', '7403', '7403150', 'NARIO INDAH'),
('7403150022', '74', '7403', '7403150', 'KARANDU'),
('7403150023', '74', '7403', '7403150', 'ANALAHUMBUTI'),
('7403150024', '74', '7403', '7403150', 'ANGGOTOA'),
('7403150026', '74', '7403', '7403150', 'KUKULURI'),
('7403150027', '74', '7403', '7403150', 'KASUMEWUHO'),
('7403151001', '74', '7403', '7403151', 'LAMELAY'),
('7403151002', '74', '7403', '7403151', 'MELUHU'),
('7403151003', '74', '7403', '7403151', 'AHUHU'),
('7403151004', '74', '7403', '7403151', 'LAROWIU'),
('7403151005', '74', '7403', '7403151', 'WOERAHI'),
('7403151006', '74', '7403', '7403151', 'TUDAMEASO'),
('7403151007', '74', '7403', '7403151', 'AHULOA'),
('7403151008', '74', '7403', '7403151', 'SAMBASULE'),
('7403151009', '74', '7403', '7403151', 'LALOPISI'),
('7403152001', '74', '7403', '7403152', 'KONAWE'),
('7403152002', '74', '7403', '7403152', 'TUDAONE'),
('7403152003', '74', '7403', '7403152', 'BUNGGUOSU'),
('7403152004', '74', '7403', '7403152', 'TAWANGA'),
('7403152005', '74', '7403', '7403152', 'SANGGONA'),
('7403152006', '74', '7403', '7403152', 'HUDOA'),
('7403152007', '74', '7403', '7403152', 'UELAWU'),
('7403152008', '74', '7403', '7403152', 'MOKOWU'),
('7403152009', '74', '7403', '7403152', 'UETE'),
('7403152010', '74', '7403', '7403152', 'WONUA MBAE'),
('7403152011', '74', '7403', '7403152', 'ASONIWOWO'),
('7403170001', '74', '7403', '7403170', 'PUUNAAHA'),
('7403170002', '74', '7403', '7403170', 'TUMPAS'),
('7403170003', '74', '7403', '7403170', 'AROMBU'),
('7403170004', '74', '7403', '7403170', 'LATOMA'),
('7403170005', '74', '7403', '7403170', 'AMBEKAIRI'),
('7403170006', '74', '7403', '7403170', 'TUOY'),
('7403170007', '74', '7403', '7403170', 'ASINUA'),
('7403170012', '74', '7403', '7403170', 'UNAAHA'),
('7403170014', '74', '7403', '7403170', 'INOLOBUNGGADUE'),
('7403170015', '74', '7403', '7403170', 'TOBEU'),
('7403170016', '74', '7403', '7403170', 'ASAMBU'),
('7403171001', '74', '7403', '7403171', 'LAWULO'),
('7403171002', '74', '7403', '7403171', 'UNAASI'),
('7403171003', '74', '7403', '7403171', 'PARAUNA'),
('7403171004', '74', '7403', '7403171', 'ANGGABERI'),
('7403171005', '74', '7403', '7403171', 'ANDABIA'),
('7403171006', '74', '7403', '7403171', 'LEREHOMA'),
('7403171007', '74', '7403', '7403171', 'WUNDUONGOHI'),
('7403171008', '74', '7403', '7403171', 'TORIKI'),
('7403180013', '74', '7403', '7403180', 'WALAY'),
('7403180014', '74', '7403', '7403180', 'EPEEA'),
('7403180015', '74', '7403', '7403180', 'UNAASI JAYA'),
('7403180016', '74', '7403', '7403180', 'SAMBEANI'),
('7403180017', '74', '7403', '7403180', 'PUNGGALUKU'),
('7403180018', '74', '7403', '7403180', 'ABUKI'),
('7403180025', '74', '7403', '7403180', 'ASOLU'),
('7403180035', '74', '7403', '7403180', 'PADANGGUNI UTAMA'),
('7403180042', '74', '7403', '7403180', 'ARUBIA'),
('7403180043', '74', '7403', '7403180', 'KASUWURA'),
('7403181001', '74', '7403', '7403181', 'AMBEKAERI UTAMA'),
('7403181002', '74', '7403', '7403181', 'LATOMA JAYA'),
('7403181004', '74', '7403', '7403181', 'LALOWATA'),
('7403181005', '74', '7403', '7403181', 'ANDOLUTO'),
('7403181006', '74', '7403', '7403181', 'WOWALATOMA'),
('7403181007', '74', '7403', '7403181', 'AMBONIKI'),
('7403181008', '74', '7403', '7403181', 'PINOLE'),
('7403181009', '74', '7403', '7403181', 'TITOWA'),
('7403181010', '74', '7403', '7403181', 'NESOWI'),
('7403181011', '74', '7403', '7403181', 'ANGONGA'),
('7403181012', '74', '7403', '7403181', 'AMBESAUA'),
('7403181013', '74', '7403', '7403181', 'WATUTINAWU'),
('7403181014', '74', '7403', '7403181', 'PUULEMO'),
('7403181015', '74', '7403', '7403181', 'NESOWI UTAMA'),
('7403181016', '74', '7403', '7403181', 'WALANAPO'),
('7403182001', '74', '7403', '7403182', 'PUOSU'),
('7403182002', '74', '7403', '7403182', 'SENDANG MULYASARI'),
('7403182003', '74', '7403', '7403182', 'MEKAR SARI'),
('7403182005', '74', '7403', '7403182', 'TONGAUNA'),
('7403182006', '74', '7403', '7403182', 'ASAO'),
('7403182011', '74', '7403', '7403182', 'LALONGGOWUNA'),
('7403182013', '74', '7403', '7403182', 'MOMEA'),
('7403182015', '74', '7403', '7403182', 'AMBEPULU'),
('7403182016', '74', '7403', '7403182', 'ANDEPOSANDU'),
('7403183001', '74', '7403', '7403183', 'LASADA'),
('7403183002', '74', '7403', '7403183', 'AWUA JAYA'),
('7403183003', '74', '7403', '7403183', 'NEKUDU'),
('7403183004', '74', '7403', '7403183', 'ASINUA JAYA'),
('7403183005', '74', '7403', '7403183', 'AMBONDIA'),
('7403183006', '74', '7403', '7403183', 'ANGOHI'),
('7403183007', '74', '7403', '7403183', 'AWUA SARI'),
('7403183008', '74', '7403', '7403183', 'ASIPAKO'),
('7403183009', '74', '7403', '7403183', 'UPT ASINUA JAYA'),
('7403184001', '74', '7403', '7403184', 'ATODOPI'),
('7403184002', '74', '7403', '7403184', 'MATAHORI'),
('7403184003', '74', '7403', '7403184', 'SAMBAOSU'),
('7403184004', '74', '7403', '7403184', 'MATANGGORAI'),
('7403184005', '74', '7403', '7403184', 'ALOSIKA'),
('7403184006', '74', '7403', '7403184', 'MEKAR JAYA'),
('7403184007', '74', '7403', '7403184', 'LANGGEA'),
('7403184008', '74', '7403', '7403184', 'ALEUTI'),
('7403184009', '74', '7403', '7403184', 'GARUDA'),
('7403184010', '74', '7403', '7403184', 'PADANGGUNI'),
('7403184011', '74', '7403', '7403184', 'PADANG MEKAR'),
('7403185001', '74', '7403', '7403185', 'ANDALAMBE'),
('7403185002', '74', '7403', '7403185', 'WAWORODA JAYA'),
('7403185003', '74', '7403', '7403185', 'SANUANGGAMO'),
('7403185004', '74', '7403', '7403185', 'OLO ONUA'),
('7403185005', '74', '7403', '7403185', 'PUUDOMBI'),
('7403185006', '74', '7403', '7403185', 'OLUAAO'),
('7403185007', '74', '7403', '7403185', 'ANGGOHU'),
('7403185008', '74', '7403', '7403185', 'AMBOPI'),
('7403185009', '74', '7403', '7403185', 'BAROWILA'),
('7403185010', '74', '7403', '7403185', 'NAMBEABORU'),
('7403193001', '74', '7403', '7403193', 'WALANDAWE'),
('7403193002', '74', '7403', '7403193', 'ROUTA'),
('7403193003', '74', '7403', '7403193', 'TIRAWONUA'),
('7403193004', '74', '7403', '7403193', 'PARUDONGKA'),
('7403193006', '74', '7403', '7403193', 'PUUWIWIRANO'),
('7403193007', '74', '7403', '7403193', 'LALOMERUI'),
('7403193008', '74', '7403', '7403193', 'TANGGOLA'),
('7404010004', '74', '7404', '7404010', 'LONGGOSIPI'),
('7404010006', '74', '7404', '7404010', 'LAMUNDE'),
('7404010007', '74', '7404', '7404010', 'WATUBANGGA'),
('7404010008', '74', '7404', '7404010', 'TANDEBURA'),
('7404010009', '74', '7404', '7404010', 'SUMBER REJEKI'),
('7404010010', '74', '7404', '7404010', 'PEOHO'),
('7404010011', '74', '7404', '7404010', 'KUKUTIO'),
('7404010013', '74', '7404', '7404010', 'KASTURA'),
('7404010017', '74', '7404', '7404010', 'WOLULU'),
('7404010018', '74', '7404', '7404010', 'MATAOSU'),
('7404010020', '74', '7404', '7404010', 'POLENGA'),
('7404010021', '74', '7404', '7404010', 'GUNUNG SARI'),
('7404010022', '74', '7404', '7404010', 'RANOTETA'),
('7404010023', '74', '7404', '7404010', 'MATAOSU UJUNG'),
('7404011001', '74', '7404', '7404011', 'TONDOWOLIO'),
('7404011002', '74', '7404', '7404011', 'POPALIA'),
('7404011003', '74', '7404', '7404011', 'ANAIWOI'),
('7404011004', '74', '7404', '7404011', 'TANGGETADA'),
('7404011005', '74', '7404', '7404011', 'PETUDUA'),
('7404011006', '74', '7404', '7404011', 'RAHANGGADA'),
('7404011007', '74', '7404', '7404011', 'PEWISOA JAYA'),
('7404011008', '74', '7404', '7404011', 'LALONGGOLOSUA'),
('7404011009', '74', '7404', '7404011', 'LAMEDAI'),
('7404011010', '74', '7404', '7404011', 'PALEWAI'),
('7404011011', '74', '7404', '7404011', 'ONEEHA'),
('7404011012', '74', '7404', '7404011', 'PUUNDAIPA'),
('7404011013', '74', '7404', '7404011', 'LAMOIKO'),
('7404011014', '74', '7404', '7404011', 'TINGGO'),
('7404012001', '74', '7404', '7404012', 'TOARI'),
('7404012002', '74', '7404', '7404012', 'LAKITO'),
('7404012003', '74', '7404', '7404012', 'RANOMENTAA'),
('7404012004', '74', '7404', '7404012', 'WOWOLI'),
('7404012005', '74', '7404', '7404012', 'ANAWUA'),
('7404012006', '74', '7404', '7404012', 'RANO JAYA'),
('7404012007', '74', '7404', '7404012', 'HORONGKULI'),
('7404012008', '74', '7404', '7404012', 'WONUA RAYA'),
('7404012009', '74', '7404', '7404012', 'RAHABITE'),
('7404012010', '74', '7404', '7404012', 'RANO SANGIA'),
('7404013001', '74', '7404', '7404013', 'PUUDONGI'),
('7404013002', '74', '7404', '7404013', 'TANGGEAU'),
('7404013003', '74', '7404', '7404013', 'PLASMA JAYA'),
('7404013004', '74', '7404', '7404013', 'POLINGGONA'),
('7404013005', '74', '7404', '7404013', 'WULONGGERE'),
('7404013006', '74', '7404', '7404013', 'PONDOUWAEE'),
('7404013007', '74', '7404', '7404013', 'LAMONDAPE'),
('7404020001', '74', '7404', '7404020', 'OKO OKO'),
('7404020002', '74', '7404', '7404020', 'SOPURA'),
('7404020003', '74', '7404', '7404020', 'HAKATUTOBU'),
('7404020004', '74', '7404', '7404020', 'TAMBEA'),
('7404020005', '74', '7404', '7404020', 'POMALAA'),
('7404020006', '74', '7404', '7404020', 'KUMORO'),
('7404020008', '74', '7404', '7404020', 'TONGGONI'),
('7404020009', '74', '7404', '7404020', 'TOTOBO'),
('7404020010', '74', '7404', '7404020', 'PELAMBUA'),
('7404020011', '74', '7404', '7404020', 'PESOUHA'),
('7404020012', '74', '7404', '7404020', 'HUKO HUKO'),
('7404030007', '74', '7404', '7404030', 'TOWUA I'),
('7404030011', '74', '7404', '7404030', 'NGAPA'),
('7404030012', '74', '7404', '7404030', 'BENDE'),
('7404030013', '74', '7404', '7404030', 'SABIANO'),
('7404030014', '74', '7404', '7404030', 'UNA MENDAA'),
('7404030015', '74', '7404', '7404030', 'LAMEKONGGA'),
('7404030017', '74', '7404', '7404030', 'KOWIOHA'),
('7404030018', '74', '7404', '7404030', 'TIKONU'),
('7404030019', '74', '7404', '7404030', 'WUNDULAKO'),
('7404030020', '74', '7404', '7404030', '19 NOPEMBER'),
('7404031001', '74', '7404', '7404031', 'LONGORI'),
('7404031004', '74', '7404', '7404031', 'BAULA'),
('7404031005', '74', '7404', '7404031', 'PUUBENUA'),
('7404031006', '74', '7404', '7404031', 'PUUBUNGA'),
('7404031007', '74', '7404', '7404031', 'PUURODA'),
('7404031008', '74', '7404', '7404031', 'PEWUTAA'),
('7404031009', '74', '7404', '7404031', 'WATALARA'),
('7404031010', '74', '7404', '7404031', 'ULU BAULA'),
('7404060008', '74', '7404', '7404060', 'WATULIANDU'),
('7404060009', '74', '7404', '7404060', 'LAMOKATO'),
('7404060010', '74', '7404', '7404060', 'LALOEHA'),
('7404060011', '74', '7404', '7404060', 'TAHOA'),
('7404060012', '74', '7404', '7404060', 'BALANDETE'),
('7404060013', '74', '7404', '7404060', 'LALOMBAA'),
('7404060014', '74', '7404', '7404060', 'SABILAMBO'),
('7404061001', '74', '7404', '7404061', 'INDUHA'),
('7404061002', '74', '7404', '7404061', 'ULUNGGOLAKA'),
('7404061003', '74', '7404', '7404061', 'MANGOLO'),
('7404061004', '74', '7404', '7404061', 'KOLAKAASIH'),
('7404061005', '74', '7404', '7404061', 'SEA'),
('7404061006', '74', '7404', '7404061', 'LATAMBAGA'),
('7404061007', '74', '7404', '7404061', 'SAKULI'),
('7404070010', '74', '7404', '7404070', 'DONGGALA'),
('7404070011', '74', '7404', '7404070', 'ULU LAPAO-PAO'),
('7404070012', '74', '7404', '7404070', 'LAPAO-PAO'),
('7404070013', '74', '7404', '7404070', 'TOLOWE PONRE WARU'),
('7404070014', '74', '7404', '7404070', 'LANGGOMALI'),
('7404070015', '74', '7404', '7404070', 'ULU WOLO'),
('7404070016', '74', '7404', '7404070', 'WOLO'),
('7404070017', '74', '7404', '7404070', 'LALONAHA'),
('7404070018', '74', '7404', '7404070', 'L A N A'),
('7404070024', '74', '7404', '7404070', 'MUARA LAPAO PAO'),
('7404070025', '74', '7404', '7404070', 'LALONGGOPI'),
('7404070027', '74', '7404', '7404070', 'SAMAENRE'),
('7404070028', '74', '7404', '7404070', 'IWOIMAPURO'),
('7404070029', '74', '7404', '7404070', 'ULU RINA'),
('7404071002', '74', '7404', '7404071', 'SANI SANI'),
('7404071003', '74', '7404', '7404071', 'KALOLOA'),
('7404071004', '74', '7404', '7404071', 'KONAWEHA'),
('7404071005', '74', '7404', '7404071', 'A W A'),
('7404071006', '74', '7404', '7404071', 'LAMBOLEMO'),
('7404071007', '74', '7404', '7404071', 'TAMBOLI'),
('7404071008', '74', '7404', '7404071', 'TOSIBA'),
('7404071009', '74', '7404', '7404071', 'AMOMUTU'),
('7404071010', '74', '7404', '7404071', 'MALAHA'),
('7404071011', '74', '7404', '7404071', 'LATUO'),
('7404071012', '74', '7404', '7404071', 'WOWA TAMBOLI'),
('7404071013', '74', '7404', '7404071', 'TONGANAPO'),
('7404071014', '74', '7404', '7404071', 'ULU KONAWEHA'),
('7404071015', '74', '7404', '7404071', 'PUUTAMBOLI'),
('7404071016', '74', '7404', '7404071', 'PUU LAWULO'),
('7404071017', '74', '7404', '7404071', 'LIKU'),
('7404071018', '74', '7404', '7404071', 'MEURA'),
('7404071019', '74', '7404', '7404071', 'ULAWENG'),
('7404072001', '74', '7404', '7404072', 'ULU KALO'),
('7404072002', '74', '7404', '7404072', 'IWOIMENDAA'),
('7404072003', '74', '7404', '7404072', 'LASIROKU'),
('7404072004', '74', '7404', '7404072', 'LADAHAI'),
('7404072005', '74', '7404', '7404072', 'TAMBORASI'),
('7404072006', '74', '7404', '7404072', 'LAMBOPINI'),
('7404072007', '74', '7404', '7404072', 'WONUA LAKU'),
('7404072008', '74', '7404', '7404072', 'LANDOULA'),
('7404072009', '74', '7404', '7404072', 'WATUMELEWE'),
('7404072010', '74', '7404', '7404072', 'LAWOLIA'),
('7405010001', '74', '7405', '7405010', 'LANOWULU'),
('7405010002', '74', '7405', '7405010', 'RORAYA'),
('7405010005', '74', '7405', '7405010', 'TELUTU JAYA'),
('7405010006', '74', '7405', '7405010', 'LAPOA'),
('7405010007', '74', '7405', '7405010', 'ASINGI'),
('7405010008', '74', '7405', '7405010', 'NGAPAAHA'),
('7405010009', '74', '7405', '7405010', 'TINANGGEA'),
('7405010010', '74', '7405', '7405010', 'BUNGIN PERMAI'),
('7405010011', '74', '7405', '7405010', 'TOROKEKU'),
('7405010012', '74', '7405', '7405010', 'LAPULU'),
('7405010013', '74', '7405', '7405010', 'WADONGGO'),
('7405010015', '74', '7405', '7405010', 'MOOLO INDAH'),
('7405010016', '74', '7405', '7405010', 'LALONGGASU'),
('7405010017', '74', '7405', '7405010', 'PALO TAWO'),
('7405010038', '74', '7405', '7405010', 'LALOWATU'),
('7405010039', '74', '7405', '7405010', 'RAPEA'),
('7405010040', '74', '7405', '7405010', 'TATANGGE'),
('7405010041', '74', '7405', '7405010', 'BOMBA-BOMBA'),
('7405010042', '74', '7405', '7405010', 'PONGGOSI'),
('7405010043', '74', '7405', '7405010', 'MATANDAHI'),
('7405010044', '74', '7405', '7405010', 'MATAMBAWI'),
('7405010045', '74', '7405', '7405010', 'AKUNI'),
('7405010046', '74', '7405', '7405010', 'WUNDUMBOLO'),
('7405010047', '74', '7405', '7405010', 'LASUAI'),
('7405011001', '74', '7405', '7405011', 'LALEMBUU JAYA'),
('7405011002', '74', '7405', '7405011', 'MERONGA RAYA'),
('7405011003', '74', '7405', '7405011', 'PUUNANGGA'),
('7405011004', '74', '7405', '7405011', 'ATARI INDAH'),
('7405011005', '74', '7405', '7405011', 'ATARI JAYA'),
('7405011006', '74', '7405', '7405011', 'LAMBODI JAYA'),
('7405011007', '74', '7405', '7405011', 'POTUHO JAYA'),
('7405011008', '74', '7405', '7405011', 'MAKUPA JAYA'),
('7405011009', '74', '7405', '7405011', 'SUMBER JAYA'),
('7405011010', '74', '7405', '7405011', 'LAMBANDIA'),
('7405011011', '74', '7405', '7405011', 'TETEINEA JAYA'),
('7405011012', '74', '7405', '7405011', 'SUKA MUKTI'),
('7405011013', '74', '7405', '7405011', 'KAPUWILA'),
('7405011014', '74', '7405', '7405011', 'PUUREMA SUBUR'),
('7405011015', '74', '7405', '7405011', 'MANDOKE'),
('7405011016', '74', '7405', '7405011', 'MOREO'),
('7405011017', '74', '7405', '7405011', 'TOMBELEU'),
('7405011018', '74', '7405', '7405011', 'PADALEU'),
('7405011019', '74', '7405', '7405011', 'LALO UWESAMBA'),
('7405020001', '74', '7405', '7405020', 'LALOBAO'),
('7405020002', '74', '7405', '7405020', 'WUNDUWATU'),
('7405020003', '74', '7405', '7405020', 'BUMI RAYA'),
('7405020012', '74', '7405', '7405020', 'LALONGGOMBU'),
('7405020013', '74', '7405', '7405020', 'ANDOOLO'),
('7405020014', '74', '7405', '7405020', 'ALANGGA'),
('7405020015', '74', '7405', '7405020', 'POTORO'),
('7405020016', '74', '7405', '7405020', 'ALENGGE AGUNG'),
('7405020031', '74', '7405', '7405020', 'PUUNGGAPU INDAH'),
('7405020033', '74', '7405', '7405020', 'ATAKU'),
('7405021001', '74', '7405', '7405021', 'PELANDIA'),
('7405021002', '74', '7405', '7405021', 'PUUDARIA JAYA'),
('7405021003', '74', '7405', '7405021', 'RAHA MENDA JAYA'),
('7405021004', '74', '7405', '7405021', 'BUKE'),
('7405021005', '74', '7405', '7405021', 'ANDOOLO UTAMA'),
('7405021006', '74', '7405', '7405021', 'SILEA JAYA'),
('7405021007', '74', '7405', '7405021', 'TIRTA MARTANI'),
('7405021008', '74', '7405', '7405021', 'TETENGGOLASA'),
('7405021009', '74', '7405', '7405021', 'ASEMBU MULYA'),
('7405021010', '74', '7405', '7405021', 'AWALO'),
('7405021011', '74', '7405', '7405021', 'ADAKA JAYA'),
('7405021012', '74', '7405', '7405021', 'ANGGOKOTI'),
('7405021013', '74', '7405', '7405021', 'UPT ADAYU INDAH'),
('7405021014', '74', '7405', '7405021', 'WULELE'),
('7405021015', '74', '7405', '7405021', 'WONUA MAROA'),
('7405021016', '74', '7405', '7405021', 'RANOOHA LESTARI'),
('7405022001', '74', '7405', '7405022', 'BIMA MAROA'),
('7405022002', '74', '7405', '7405022', 'WAWOBENDE'),
('7405022003', '74', '7405', '7405022', 'LAPOA INDAH'),
('7405022006', '74', '7405', '7405022', 'PAPAWU'),
('7405022007', '74', '7405', '7405022', 'ANESE'),
('7405022008', '74', '7405', '7405022', 'BEKENGGASU INDAH'),
('7405022009', '74', '7405', '7405022', 'MATE UPE'),
('7405022010', '74', '7405', '7405022', 'WATU MOKALA'),
('7405030012', '74', '7405', '7405030', 'WAWOURU'),
('7405030014', '74', '7405', '7405030', 'ALAKAYA'),
('7405030015', '74', '7405', '7405030', 'AOSOLE'),
('7405030016', '74', '7405', '7405030', 'ANGGONDARA'),
('7405030018', '74', '7405', '7405030', 'EEWA'),
('7405030019', '74', '7405', '7405030', 'WATUMEREMBE'),
('7405030020', '74', '7405', '7405030', 'WAWONGGURA'),
('7405030021', '74', '7405', '7405030', 'KIAEA'),
('7405030030', '74', '7405', '7405030', 'KAPU JAYA'),
('7405030032', '74', '7405', '7405030', 'WATUDEMBA'),
('7405030033', '74', '7405', '7405030', 'SANGGI-SANGGI'),
('7405031001', '74', '7405', '7405031', 'LAKARA'),
('7405031002', '74', '7405', '7405031', 'ULU LAKARA'),
('7405031003', '74', '7405', '7405031', 'WATURAPA'),
('7405031004', '74', '7405', '7405031', 'LALOWUA'),
('7405031005', '74', '7405', '7405031', 'KOEONO'),
('7405031006', '74', '7405', '7405031', 'AMONDO'),
('7405031007', '74', '7405', '7405031', 'WATUMBOHOTI'),
('7405031008', '74', '7405', '7405031', 'PARASI'),
('7405031009', '74', '7405', '7405031', 'MONDOE'),
('7405031010', '74', '7405', '7405031', 'WAWO WONUA'),
('7405032001', '74', '7405', '7405032', 'TOLIHE'),
('7405032002', '74', '7405', '7405032', 'SAMBAHULE'),
('7405032003', '74', '7405', '7405032', 'B A I T O'),
('7405032006', '74', '7405', '7405032', 'AMASARA'),
('7405032007', '74', '7405', '7405032', 'MATABUBU'),
('7405032008', '74', '7405', '7405032', 'AHUANGGULURI'),
('7405040018', '74', '7405', '7405040', 'AOREO'),
('7405040019', '74', '7405', '7405040', 'WATUMEETO'),
('7405040020', '74', '7405', '7405040', 'PANGAN JAYA'),
('7405040021', '74', '7405', '7405040', 'PAMANDATI'),
('7405040022', '74', '7405', '7405040', 'KAINDI'),
('7405040023', '74', '7405', '7405040', 'LAINEA'),
('7405040024', '74', '7405', '7405040', 'MATABUBU JAYA'),
('7405040025', '74', '7405', '7405040', 'MOLINESE'),
('7405040026', '74', '7405', '7405040', 'POLEWALI'),
('7405040027', '74', '7405', '7405040', 'BANGUN JAYA'),
('7405040028', '74', '7405', '7405040', 'KALO-KALO'),
('7405040029', '74', '7405', '7405040', 'NGAPA JAYA'),
('7405041001', '74', '7405', '7405041', 'TOROBULU'),
('7405041002', '74', '7405', '7405041', 'WONUA KONGGA'),
('7405041003', '74', '7405', '7405041', 'LABOKEO'),
('7405041004', '74', '7405', '7405041', 'ANGGOROBOTI'),
('7405041005', '74', '7405', '7405041', 'LAEYA'),
('7405041006', '74', '7405', '7405041', 'AEPODU'),
('7405041007', '74', '7405', '7405041', 'RAMBU-RAMBU'),
('7405041008', '74', '7405', '7405041', 'AMBAKUMINA'),
('7405041009', '74', '7405', '7405041', 'OMBU-OMBU JAYA'),
('7405041010', '74', '7405', '7405041', 'LAMONG JAYA'),
('7405041011', '74', '7405', '7405041', 'LEREPAKO'),
('7405041013', '74', '7405', '7405041', 'ANDUNA'),
('7405041014', '74', '7405', '7405041', 'AMBALODANGGE'),
('7405041015', '74', '7405', '7405041', 'LAMBAKARA'),
('7405041016', '74', '7405', '7405041', 'AMBESEA'),
('7405041017', '74', '7405', '7405041', 'PUUWULO'),
('7405050001', '74', '7405', '7405050', 'PUUPI'),
('7405050002', '74', '7405', '7405050', 'TIRAOSU'),
('7405050003', '74', '7405', '7405050', 'WAWORANO'),
('7405050006', '74', '7405', '7405050', 'ANDINETE'),
('7405050007', '74', '7405', '7405050', 'LANGGOWALA'),
('7405050008', '74', '7405', '7405050', 'WAWOOSU'),
('7405050009', '74', '7405', '7405050', 'SAWAH'),
('7405050010', '74', '7405', '7405050', 'KOLONO'),
('7405050011', '74', '7405', '7405050', 'MONDOE JAYA'),
('7405050012', '74', '7405', '7405050', 'ULUSENA JAYA'),
('7405050013', '74', '7405', '7405050', 'LAMOTAU'),
('7405050014', '74', '7405', '7405050', 'AWUNIO'),
('7405050015', '74', '7405', '7405050', 'MELETUMBO'),
('7405050017', '74', '7405', '7405050', 'LAMAPU'),
('7405050029', '74', '7405', '7405050', 'ALOSI'),
('7405050030', '74', '7405', '7405050', 'SARANDUA'),
('7405051003', '74', '7405', '7405051', 'TUMBU-TUMBU JAYA'),
('7405051004', '74', '7405', '7405051', 'NGAPAWALI'),
('7405051005', '74', '7405', '7405051', 'BATU PUTIH'),
('7405051006', '74', '7405', '7405051', 'RUMBA-RUMBA'),
('7405051007', '74', '7405', '7405051', 'AMPERA'),
('7405051008', '74', '7405', '7405051', 'AMOLENGU'),
('7405051009', '74', '7405', '7405051', 'ULUNESE'),
('7405051010', '74', '7405', '7405051', 'LANGGAPULU'),
('7405060001', '74', '7405', '7405060', 'LAONTI'),
('7405060002', '74', '7405', '7405060', 'PUUNDIRANGGA'),
('7405060003', '74', '7405', '7405060', 'KONDONO'),
('7405060004', '74', '7405', '7405060', 'LAWISATA'),
('7405060005', '74', '7405', '7405060', 'BATU JAYA / WATUNDOLU'),
('7405060006', '74', '7405', '7405060', 'NAMU'),
('7405060007', '74', '7405', '7405060', 'MALARINGGI'),
('7405060008', '74', '7405', '7405060', 'TUE TUE'),
('7405060009', '74', '7405', '7405060', 'SANGI-SANGI'),
('7405060010', '74', '7405', '7405060', 'ULU SAWA'),
('7405060011', '74', '7405', '7405060', 'CEMPEDAK'),
('7405060012', '74', '7405', '7405060', 'WORU WORU'),
('7405060013', '74', '7405', '7405060', 'TAMBEANGA'),
('7405060014', '74', '7405', '7405060', 'LABOTAONE'),
('7405060015', '74', '7405', '7405060', 'LABUAN BEROPA'),
('7405060016', '74', '7405', '7405060', 'PEO INDAH'),
('7405060017', '74', '7405', '7405060', 'TAMBOLOSU'),
('7405060018', '74', '7405', '7405060', 'WANDAEHA'),
('7405060019', '74', '7405', '7405060', 'RUMBI RUMBIA'),
('7405060020', '74', '7405', '7405060', 'MATABONDU'),
('7405070001', '74', '7405', '7405070', 'BAKUTARU'),
('7405070002', '74', '7405', '7405070', 'PUDARIA JAYA'),
('7405070004', '74', '7405', '7405070', 'ULUSENA'),
('7405070022', '74', '7405', '7405070', 'WAWOSUNGGU'),
('7405070023', '74', '7405', '7405070', 'PENAMBEA BARATA'),
('7405070024', '74', '7405', '7405070', 'LAPUKO'),
('7405070025', '74', '7405', '7405070', 'LAMBOO'),
('7405070026', '74', '7405', '7405070', 'LANDIPO'),
('7405070028', '74', '7405', '7405070', 'MARGA CINTA'),
('7405070029', '74', '7405', '7405070', 'MORAMO'),
('7405070030', '74', '7405', '7405070', 'TAMBOSUPA'),
('7405070031', '74', '7405', '7405070', 'AMOHOLA'),
('7405070040', '74', '7405', '7405070', 'WAWONDENGI'),
('7405070041', '74', '7405', '7405070', 'RANOOHA JAYA'),
('7405070044', '74', '7405', '7405070', 'SELABANGGA'),
('7405070045', '74', '7405', '7405070', 'WATU PORAMBAA'),
('7405070046', '74', '7405', '7405070', 'WONUA JAYA'),
('7405070047', '74', '7405', '7405070', 'BISIKORI'),
('7405070048', '74', '7405', '7405070', 'UPT. PUUDURIA'),
('7405071032', '74', '7405', '7405071', 'LAMOKULA'),
('7405071034', '74', '7405', '7405071', 'SANGGULA'),
('7405071035', '74', '7405', '7405071', 'LOMBUEA'),
('7405071036', '74', '7405', '7405071', 'WAWATU'),
('7405071037', '74', '7405', '7405071', 'TANJUNG TIRAM'),
('7405071038', '74', '7405', '7405071', 'LALOWARU'),
('7405071042', '74', '7405', '7405071', 'MATA LAMOKULA'),
('7405071043', '74', '7405', '7405071', 'MATA WAWATU'),
('7405080005', '74', '7405', '7405080', 'T A N E A'),
('7405080006', '74', '7405', '7405080', 'AMOHALO'),
('7405080007', '74', '7405', '7405080', 'MASAGENA'),
('7405080008', '74', '7405', '7405080', 'CIALAM JAYA'),
('7405080009', '74', '7405', '7405080', 'LAWOILA'),
('7405080010', '74', '7405', '7405080', 'WONUA'),
('7405080011', '74', '7405', '7405080', 'PAMBULAA JAYA'),
('7405080012', '74', '7405', '7405080', 'AMBOLOLI'),
('7405080013', '74', '7405', '7405080', 'LAMBUSA'),
('7405080014', '74', '7405', '7405080', 'LEBO JAYA'),
('7405080015', '74', '7405', '7405080', 'KONDA'),
('7405080016', '74', '7405', '7405080', 'ALEBO'),
('7405080017', '74', '7405', '7405080', 'MOROME'),
('7405080018', '74', '7405', '7405080', 'LAMOMEA'),
('7405080019', '74', '7405', '7405080', 'PUOSU JAYA'),
('7405080020', '74', '7405', '7405080', 'LALOWIU'),
('7405080021', '74', '7405', '7405080', 'KONDA SATU'),
('7405081001', '74', '7405', '7405081', 'LELEKAA'),
('7405081002', '74', '7405', '7405081', 'AMOITO JAYA'),
('7405081003', '74', '7405', '7405081', 'AOMA');
INSERT INTO `master_desa` (`id_desa`, `id_prop`, `id_kab`, `id_kec`, `nm_desa`) VALUES
('7405081004', '74', '7405', '7405081', 'WOLASI'),
('7405081005', '74', '7405', '7405081', 'RANOWILA'),
('7405081006', '74', '7405', '7405081', 'AUNUPE'),
('7405081007', '74', '7405', '7405081', 'AMBESOKOA'),
('7405081008', '74', '7405', '7405081', 'MATA WOLASI'),
('7405090002', '74', '7405', '7405090', 'BORO-BORO R'),
('7405090003', '74', '7405', '7405090', 'RAMBU-RAMBU JAYA'),
('7405090005', '74', '7405', '7405090', 'AMOITO'),
('7405090008', '74', '7405', '7405090', 'AMBAIPUA'),
('7405090009', '74', '7405', '7405090', 'ONEWILA'),
('7405090010', '74', '7405', '7405090', 'RANOOHA'),
('7405090011', '74', '7405', '7405090', 'RANOMEETO'),
('7405090012', '74', '7405', '7405090', 'KOTA BANGUN'),
('7405090019', '74', '7405', '7405090', 'DUDURIA'),
('7405090020', '74', '7405', '7405090', 'LAIKAAHA'),
('7405090021', '74', '7405', '7405090', 'AMOITO SIAMA'),
('7405091001', '74', '7405', '7405091', 'AMOKUNI'),
('7405091002', '74', '7405', '7405091', 'SINDANG KASIH'),
('7405091003', '74', '7405', '7405091', 'JATI BALI'),
('7405091004', '74', '7405', '7405091', 'ABEKO'),
('7405091005', '74', '7405', '7405091', 'LAMEURU'),
('7405091006', '74', '7405', '7405091', 'OPAASI'),
('7405091007', '74', '7405', '7405091', 'BORO-BORO LAMEURU'),
('7405091008', '74', '7405', '7405091', 'TUNDUNO'),
('7405091009', '74', '7405', '7405091', 'LAIKANDONGA'),
('7405100007', '74', '7405', '7405100', 'ENDANGA'),
('7405100008', '74', '7405', '7405100', 'AMOTOWO'),
('7405100009', '74', '7405', '7405100', 'LANDONO'),
('7405100010', '74', '7405', '7405100', 'ARONGO'),
('7405100011', '74', '7405', '7405100', 'TRIDANA MULYA'),
('7405100012', '74', '7405', '7405100', 'LALONGGAPU'),
('7405100013', '74', '7405', '7405100', 'WATA BENUA'),
('7405100014', '74', '7405', '7405100', 'ABENGGI'),
('7405100015', '74', '7405', '7405100', 'LANDONO II'),
('7405100033', '74', '7405', '7405100', 'WONUA SANGIA'),
('7405100035', '74', '7405', '7405100', 'MORINI MULYA'),
('7405100043', '74', '7405', '7405100', 'UPT ARONGO'),
('7405101001', '74', '7405', '7405101', 'WUURA'),
('7405101002', '74', '7405', '7405101', 'LAMOLORI'),
('7405101003', '74', '7405', '7405101', 'RAKAWUTA'),
('7405101004', '74', '7405', '7405101', 'TOLUWONUA'),
('7405101005', '74', '7405', '7405101', 'MOWILA'),
('7405101006', '74', '7405', '7405101', 'PUDAHOA'),
('7405101007', '74', '7405', '7405101', 'PUWEHUKO'),
('7405101008', '74', '7405', '7405101', 'KONDOANO'),
('7405101009', '74', '7405', '7405101', 'MULYA SARI'),
('7405101010', '74', '7405', '7405101', 'MONAPA'),
('7405101011', '74', '7405', '7405101', 'RANO MBAYASA'),
('7405101012', '74', '7405', '7405101', 'PUNGGULAHI'),
('7405101013', '74', '7405', '7405101', 'RANO AOPA'),
('7405101014', '74', '7405', '7405101', 'LALOSINGI'),
('7405101017', '74', '7405', '7405101', 'LAMEBARA'),
('7405101018', '74', '7405', '7405101', 'WONUA SARI'),
('7405101019', '74', '7405', '7405101', 'TETESINGI'),
('7405102001', '74', '7405', '7405102', 'KORONUA'),
('7405102002', '74', '7405', '7405102', 'WATU-WATU'),
('7405102003', '74', '7405', '7405102', 'ULU SABULAKOA'),
('7405102005', '74', '7405', '7405102', 'WONUA KOA'),
('7405102006', '74', '7405', '7405102', 'SABULAKOA'),
('7405102007', '74', '7405', '7405102', 'TALUMBINGA JAYA'),
('7405102008', '74', '7405', '7405102', 'TETENGGABO'),
('7405102009', '74', '7405', '7405102', 'ASARIA'),
('7405110016', '74', '7405', '7405110', 'PUDAMBU'),
('7405110018', '74', '7405', '7405110', 'ANGATA'),
('7405110020', '74', '7405', '7405110', 'KOSEBO'),
('7405110021', '74', '7405', '7405110', 'MOTAHA'),
('7405110022', '74', '7405', '7405110', 'AOPA'),
('7405110024', '74', '7405', '7405110', 'LAMOEN'),
('7405110025', '74', '7405', '7405110', 'PUUSANGGULA'),
('7405110026', '74', '7405', '7405110', 'PUAO'),
('7405110027', '74', '7405', '7405110', 'SANDEI'),
('7405110028', '74', '7405', '7405110', 'TETEASA'),
('7405110029', '74', '7405', '7405110', 'SIMBANGU'),
('7405110030', '74', '7405', '7405110', 'LAMOOSO'),
('7405110031', '74', '7405', '7405110', 'PUUROE'),
('7405110032', '74', '7405', '7405110', 'SANDARSI JAYA'),
('7405110033', '74', '7405', '7405110', 'LAMOERI'),
('7405110034', '74', '7405', '7405110', 'PUUNGGONI'),
('7405110035', '74', '7405', '7405110', 'LANDABARO'),
('7405110036', '74', '7405', '7405110', 'PUULIPU'),
('7405110037', '74', '7405', '7405110', 'BOLOSO'),
('7405110038', '74', '7405', '7405110', 'MOKOAU'),
('7405110040', '74', '7405', '7405110', 'LANGGEA INDAH'),
('7405111001', '74', '7405', '7405111', 'PUUNGGAWU KAWU'),
('7405111002', '74', '7405', '7405111', 'PALOWEWU'),
('7405111004', '74', '7405', '7405111', 'HORODOPI'),
('7405111005', '74', '7405', '7405111', 'BENUA UTAMA'),
('7405111007', '74', '7405', '7405111', 'LAMARA'),
('7405111008', '74', '7405', '7405111', 'UELAWA'),
('7405111011', '74', '7405', '7405111', 'PUUWEHUKO'),
('7405111014', '74', '7405', '7405111', 'AWALO JAYA'),
('7405111015', '74', '7405', '7405111', 'KOSAMBI'),
('7405112002', '74', '7405', '7405112', 'LERE'),
('7405112003', '74', '7405', '7405112', 'TOMBEKUKU'),
('7405112004', '74', '7405', '7405112', 'IWOI MENDORO'),
('7405112005', '74', '7405', '7405112', 'EPEESI'),
('7405112006', '74', '7405', '7405112', 'BASALA'),
('7405112007', '74', '7405', '7405112', 'LIPU MASAGENA'),
('7405112008', '74', '7405', '7405112', 'POLO-POLOLI'),
('7405112010', '74', '7405', '7405112', 'TEPOROMBUA'),
('7406010001', '74', '7406', '7406010', 'TIRONGKOTUA'),
('7406010002', '74', '7406', '7406010', 'RAHADOPI'),
('7406010003', '74', '7406', '7406010', 'TEOMOKOLE'),
('7406010004', '74', '7406', '7406010', 'RAHAMPUU'),
('7406011001', '74', '7406', '7406011', 'TEDUBARA'),
('7406011002', '74', '7406', '7406011', 'EEMOKOLO'),
('7406011003', '74', '7406', '7406011', 'SANGIA MAKMUR'),
('7406011004', '74', '7406', '7406011', 'WUMBULASA'),
('7406011005', '74', '7406', '7406011', 'MAPILA'),
('7406011006', '74', '7406', '7406011', 'LAROLANU (SP3)'),
('7406012001', '74', '7406', '7406012', 'PONGKALAERO'),
('7406012002', '74', '7406', '7406012', 'BATUAWU'),
('7406012003', '74', '7406', '7406012', 'LANGKEMA'),
('7406012004', '74', '7406', '7406012', 'PUU NUNU'),
('7406013001', '74', '7406', '7406013', 'SIKELI'),
('7406013002', '74', '7406', '7406013', 'BALIARA'),
('7406013003', '74', '7406', '7406013', 'RAHANTARI'),
('7406013004', '74', '7406', '7406013', 'BALIARA KEPULAUAN'),
('7406013005', '74', '7406', '7406013', 'BALIARA SELATAN'),
('7406020001', '74', '7406', '7406020', 'WUMBUBURO'),
('7406020003', '74', '7406', '7406020', 'BALO'),
('7406020005', '74', '7406', '7406020', 'TAPUHAKA'),
('7406020006', '74', '7406', '7406020', 'BUNGI-BUNGI'),
('7406020007', '74', '7406', '7406020', 'LAMBALE'),
('7406021002', '74', '7406', '7406021', 'ENANO'),
('7406021003', '74', '7406', '7406021', 'ULUNGKURA'),
('7406021004', '74', '7406', '7406021', 'LENGORA'),
('7406021005', '74', '7406', '7406021', 'LENGORA SELATAN'),
('7406021006', '74', '7406', '7406021', 'LENGORA PANTAI'),
('7406021007', '74', '7406', '7406021', 'LAMONGGI'),
('7406021008', '74', '7406', '7406021', 'UPT LENGORA PANTAI'),
('7406030001', '74', '7406', '7406030', 'KASIPUTE'),
('7406030002', '74', '7406', '7406030', 'LANTOWONUA'),
('7406030003', '74', '7406', '7406030', 'DOULE'),
('7406030004', '74', '7406', '7406030', 'LAMPOPALA'),
('7406030005', '74', '7406', '7406030', 'LAMERORO'),
('7406031001', '74', '7406', '7406031', 'LIANO'),
('7406031002', '74', '7406', '7406031', 'POMONTORO'),
('7406031003', '74', '7406', '7406031', 'HAMBAWA'),
('7406031004', '74', '7406', '7406031', 'PULAU TAMBAKO'),
('7406031005', '74', '7406', '7406031', 'LORA'),
('7406031007', '74', '7406', '7406031', 'BATU SEMPE INDAH'),
('7406031008', '74', '7406', '7406031', 'LALOA'),
('7406031009', '74', '7406', '7406031', 'MAWAR'),
('7406031010', '74', '7406', '7406031', 'TAJUNCU'),
('7406031011', '74', '7406', '7406031', 'PUU WAEYA'),
('7406032001', '74', '7406', '7406032', 'MASALOKA'),
('7406032002', '74', '7406', '7406032', 'MASALOKA TIMUR'),
('7406032003', '74', '7406', '7406032', 'MASALOKA BARAT'),
('7406032004', '74', '7406', '7406032', 'MASALOKA SELATAN'),
('7406032005', '74', '7406', '7406032', 'BATU LAMBURI'),
('7406033001', '74', '7406', '7406033', 'LAMPATA'),
('7406033002', '74', '7406', '7406033', 'TAPUHAHI'),
('7406033003', '74', '7406', '7406033', 'LAURU'),
('7406033004', '74', '7406', '7406033', 'KAMPUNG BARU'),
('7406033005', '74', '7406', '7406033', 'PO EA'),
('7406040001', '74', '7406', '7406040', 'RAU-RAU'),
('7406040002', '74', '7406', '7406040', 'PANGKURI'),
('7406040004', '74', '7406', '7406040', 'TAUBONTO'),
('7406040005', '74', '7406', '7406040', 'RAROWATU'),
('7406040006', '74', '7406', '7406040', 'LADUMPI'),
('7406040007', '74', '7406', '7406040', 'LAMPEANTANI'),
('7406040008', '74', '7406', '7406040', 'WATU KALANGKARI'),
('7406040009', '74', '7406', '7406040', 'TAHI ITE'),
('7406041001', '74', '7406', '7406041', 'LANTOWUA'),
('7406041002', '74', '7406', '7406041', 'WATU MENTADE'),
('7406041003', '74', '7406', '7406041', 'HUKAEA'),
('7406041004', '74', '7406', '7406041', 'TUNAS BARU'),
('7406041005', '74', '7406', '7406041', 'TEMBE'),
('7406041006', '74', '7406', '7406041', 'ANEKA MARGA'),
('7406041007', '74', '7406', '7406041', 'MARGA JAYA'),
('7406041008', '74', '7406', '7406041', 'WUMBUBANGKA'),
('7406042001', '74', '7406', '7406042', 'KOLOMBI MATA USU'),
('7406042002', '74', '7406', '7406042', 'MORENGKE'),
('7406042003', '74', '7406', '7406042', 'TOTOLE'),
('7406042004', '74', '7406', '7406042', 'WIA-WIA'),
('7406042005', '74', '7406', '7406042', 'LAMURU'),
('7406043001', '74', '7406', '7406043', 'LANTARI'),
('7406043002', '74', '7406', '7406043', 'PASSARE APUA'),
('7406043003', '74', '7406', '7406043', 'ANUGERAH'),
('7406043004', '74', '7406', '7406043', 'LOMBA KASIH'),
('7406043005', '74', '7406', '7406043', 'LANGKOWALA'),
('7406043006', '74', '7406', '7406043', 'RARONGKEU'),
('7406043007', '74', '7406', '7406043', 'KALAERO'),
('7406043009', '74', '7406', '7406043', 'TINABITE'),
('7406050003', '74', '7406', '7406050', 'TEPPOE'),
('7406050004', '74', '7406', '7406050', 'BAMBAEA'),
('7406050009', '74', '7406', '7406050', 'MAMBO'),
('7406050012', '74', '7406', '7406050', 'BIRU'),
('7406051001', '74', '7406', '7406051', 'ROMPU ROMPU'),
('7406051002', '74', '7406', '7406051', 'TOBURI'),
('7406051003', '74', '7406', '7406051', 'TAMPAWULU'),
('7406051004', '74', '7406', '7406051', 'TANAH POLEANG'),
('7406051005', '74', '7406', '7406051', 'KARYA BARU'),
('7406051006', '74', '7406', '7406051', 'LAWATU EA'),
('7406051007', '74', '7406', '7406051', 'PUSU EA'),
('7406051008', '74', '7406', '7406051', 'WAMBAREMA'),
('7406052002', '74', '7406', '7406052', 'WAEMPUTANG'),
('7406052003', '74', '7406', '7406052', 'KALIBARU'),
('7406052004', '74', '7406', '7406052', 'AKACIPONG'),
('7406052005', '74', '7406', '7406052', 'LAEA'),
('7406053001', '74', '7406', '7406053', 'LARETE'),
('7406053002', '74', '7406', '7406053', 'TERAPUNG'),
('7406053003', '74', '7406', '7406053', 'LEMO'),
('7406053004', '74', '7406', '7406053', 'LAMOARE'),
('7406053005', '74', '7406', '7406053', 'RAMBAHA'),
('7406060001', '74', '7406', '7406060', 'BOEARA'),
('7406060002', '74', '7406', '7406060', 'PUKURUMBA'),
('7406060003', '74', '7406', '7406060', 'KASTARIB'),
('7406060004', '74', '7406', '7406060', 'BARANGGA'),
('7406060005', '74', '7406', '7406060', 'BOEPINANG'),
('7406060006', '74', '7406', '7406060', 'PALLIMAE'),
('7406060007', '74', '7406', '7406060', 'SALOSA'),
('7406060008', '74', '7406', '7406060', 'BOEPINANG BARAT'),
('7406060009', '74', '7406', '7406060', 'KASABOLO'),
('7406060010', '74', '7406', '7406060', 'MATTIROWALIE'),
('7406061001', '74', '7406', '7406061', 'TOARI BOMBANA'),
('7406061002', '74', '7406', '7406061', 'TIMBALA'),
('7406061003', '74', '7406', '7406061', 'RANOKOMEA'),
('7406061004', '74', '7406', '7406061', 'RAKADUA'),
('7406061005', '74', '7406', '7406061', 'LAMEO-MEONG'),
('7406061006', '74', '7406', '7406061', 'BABAMOLINGKU'),
('7406061007', '74', '7406', '7406061', 'BALASARI'),
('7406061008', '74', '7406', '7406061', 'PABIRING'),
('7406061009', '74', '7406', '7406061', 'BULU MANAI'),
('7406061010', '74', '7406', '7406061', 'MATABUNDU'),
('7406061011', '74', '7406', '7406061', 'ANALERE'),
('7406062001', '74', '7406', '7406062', 'TONTONUNU'),
('7406062002', '74', '7406', '7406062', 'WATU MELOMBA'),
('7406062003', '74', '7406', '7406062', 'TONGKOSENG'),
('7406062004', '74', '7406', '7406062', 'PUU WONUA'),
('7406063001', '74', '7406', '7406063', 'LABO EA'),
('7406063002', '74', '7406', '7406063', 'PARIA'),
('7406063003', '74', '7406', '7406063', 'MULAENO'),
('7406063004', '74', '7406', '7406063', 'POLEONRO'),
('7407010001', '74', '7407', '7407010', 'TAIPABU'),
('7407010007', '74', '7407', '7407010', 'LAGONGGA'),
('7407010008', '74', '7407', '7407010', 'KAMPO-KAMPO'),
('7407010009', '74', '7407', '7407010', 'PALAHIDU'),
('7407010010', '74', '7407', '7407010', 'MAKORO'),
('7407010011', '74', '7407', '7407010', 'PALAHIDU BARAT'),
('7407010012', '74', '7407', '7407010', 'RUKUWA'),
('7407010013', '74', '7407', '7407010', 'JAYA MAKMUR'),
('7407011001', '74', '7407', '7407011', 'SOWA'),
('7407011003', '74', '7407', '7407011', 'OIHU'),
('7407011004', '74', '7407', '7407011', 'WALOINDI'),
('7407011005', '74', '7407', '7407011', 'HAKA'),
('7407020001', '74', '7407', '7407020', 'WAITII BARAT'),
('7407020002', '74', '7407', '7407020', 'WAITII'),
('7407020003', '74', '7407', '7407020', 'LAMANGGAU'),
('7407020013', '74', '7407', '7407020', 'PATUA'),
('7407020014', '74', '7407', '7407020', 'ONEMAY'),
('7407020015', '74', '7407', '7407020', 'WAHA'),
('7407020016', '74', '7407', '7407020', 'RUNDUMA'),
('7407020017', '74', '7407', '7407020', 'TEEMOANE'),
('7407020018', '74', '7407', '7407020', 'KOLLO SOHA'),
('7407020019', '74', '7407', '7407020', 'PATUA II'),
('7407021004', '74', '7407', '7407021', 'PATIPELONG'),
('7407021005', '74', '7407', '7407021', 'TONGANO BARAT'),
('7407021006', '74', '7407', '7407021', 'BAHARI'),
('7407021007', '74', '7407', '7407021', 'TONGANO TIMUR'),
('7407021008', '74', '7407', '7407021', 'TIMU'),
('7407021009', '74', '7407', '7407021', 'DETE'),
('7407021010', '74', '7407', '7407021', 'KULATI'),
('7407021011', '74', '7407', '7407021', 'WAWOTIMU'),
('7407021012', '74', '7407', '7407021', 'KAHIANGA'),
('7407030001', '74', '7407', '7407030', 'HORUO'),
('7407030002', '74', '7407', '7407030', 'SOMBANO'),
('7407030003', '74', '7407', '7407030', 'LAU-LUA'),
('7407030004', '74', '7407', '7407030', 'SAMABAHARI'),
('7407030005', '74', '7407', '7407030', 'AMBEUA'),
('7407030006', '74', '7407', '7407030', 'LAGIWAE'),
('7407030007', '74', '7407', '7407030', 'OLLO'),
('7407030008', '74', '7407', '7407030', 'BURANGA'),
('7407030009', '74', '7407', '7407030', 'BALASUNA'),
('7407030010', '74', '7407', '7407030', 'MANTIGOLA MAKMUR'),
('7407030011', '74', '7407', '7407030', 'BALASUNA SELATAN'),
('7407030012', '74', '7407', '7407030', 'OLLO SELATAN'),
('7407030013', '74', '7407', '7407030', 'WADURI'),
('7407030014', '74', '7407', '7407030', 'LEFUTO'),
('7407030015', '74', '7407', '7407030', 'AMBEUA RAYA'),
('7407030016', '74', '7407', '7407030', 'KALIMAS'),
('7407031010', '74', '7407', '7407031', 'TAMPARA'),
('7407031011', '74', '7407', '7407031', 'KASWARI'),
('7407031012', '74', '7407', '7407031', 'PAJAM'),
('7407031013', '74', '7407', '7407031', 'SANDI'),
('7407031014', '74', '7407', '7407031', 'LANGGE'),
('7407031015', '74', '7407', '7407031', 'TANOMEHA'),
('7407031016', '74', '7407', '7407031', 'LENTEA'),
('7407031017', '74', '7407', '7407031', 'DARAWA'),
('7407031018', '74', '7407', '7407031', 'PEROPA'),
('7407031019', '74', '7407', '7407031', 'TANJUNG'),
('7407040013', '74', '7407', '7407040', 'PONGO'),
('7407040014', '74', '7407', '7407040', 'MALEKO'),
('7407040015', '74', '7407', '7407040', 'LONGA'),
('7407040016', '74', '7407', '7407040', 'TINDOI'),
('7407040017', '74', '7407', '7407040', 'WANCI'),
('7407040018', '74', '7407', '7407040', 'WANDOKA'),
('7407040019', '74', '7407', '7407040', 'SOMBU'),
('7407040021', '74', '7407', '7407040', 'WAETUNO'),
('7407040022', '74', '7407', '7407040', 'PADA RAYA MAKMUR'),
('7407040023', '74', '7407', '7407040', 'WAELUMU'),
('7407040024', '74', '7407', '7407040', 'PATUNO'),
('7407040025', '74', '7407', '7407040', 'WANDOKA UTARA'),
('7407040026', '74', '7407', '7407040', 'WANDOKA SELATAN'),
('7407040027', '74', '7407', '7407040', 'WAGINOPO'),
('7407040028', '74', '7407', '7407040', 'TINDOI TIMUR'),
('7407040029', '74', '7407', '7407040', 'POSALU'),
('7407040030', '74', '7407', '7407040', 'KOROE ONAWA'),
('7407040031', '74', '7407', '7407040', 'WAPIA PIA'),
('7407040032', '74', '7407', '7407040', 'POOKAMBUA'),
('7407050001', '74', '7407', '7407050', 'KAPOTA'),
('7407050002', '74', '7407', '7407050', 'KABITA'),
('7407050003', '74', '7407', '7407050', 'LIYA MAWI'),
('7407050004', '74', '7407', '7407050', 'LIYA TOGO'),
('7407050005', '74', '7407', '7407050', 'MATAHORA'),
('7407050006', '74', '7407', '7407050', 'WUNGKA'),
('7407050007', '74', '7407', '7407050', 'NUMANA'),
('7407050008', '74', '7407', '7407050', 'MOLA SELATAN'),
('7407050009', '74', '7407', '7407050', 'MOLA UTARA'),
('7407050010', '74', '7407', '7407050', 'MANDATI I'),
('7407050011', '74', '7407', '7407050', 'KOMALA'),
('7407050012', '74', '7407', '7407050', 'MANDATI II'),
('7407050013', '74', '7407', '7407050', 'KAPOTA UTARA'),
('7407050014', '74', '7407', '7407050', 'KABITA TOGO'),
('7407050015', '74', '7407', '7407050', 'MANDATI III'),
('7407050016', '74', '7407', '7407050', 'LIYA ONE MELANGKA'),
('7407050017', '74', '7407', '7407050', 'WISATA KOLO'),
('7407050018', '74', '7407', '7407050', 'MOLA SAMATURU'),
('7407050019', '74', '7407', '7407050', 'MOLA BAHARI'),
('7407050020', '74', '7407', '7407050', 'MOLA NELAYAN BAKTI'),
('7407050021', '74', '7407', '7407050', 'LIYA BAHARI INDAH'),
('7408010005', '74', '7408', '7408010', 'RANTE BARU'),
('7408010006', '74', '7408', '7408010', 'RANTEANGIN'),
('7408010007', '74', '7408', '7408010', 'POHU'),
('7408010008', '74', '7408', '7408010', 'TOROTUO'),
('7408010016', '74', '7408', '7408010', 'LAWEKARA'),
('7408010017', '74', '7408', '7408010', 'LANDOLIA'),
('7408010018', '74', '7408', '7408010', 'MAROKO'),
('7408011001', '74', '7408', '7408011', 'LAPASI-PASI'),
('7408011002', '74', '7408', '7408011', 'LAMBAI'),
('7408011003', '74', '7408', '7408011', 'LATAWARO'),
('7408011004', '74', '7408', '7408011', 'RAODA'),
('7408011005', '74', '7408', '7408011', 'WOISE'),
('7408011006', '74', '7408', '7408011', 'WOITOMBO'),
('7408011007', '74', '7408', '7408011', 'TEBONGEANO'),
('7408012001', '74', '7408', '7408012', 'WALASIHO'),
('7408012002', '74', '7408', '7408012', 'WAWO'),
('7408012003', '74', '7408', '7408012', 'PUUMBOLO'),
('7408012004', '74', '7408', '7408012', 'TINUKARI'),
('7408012005', '74', '7408', '7408012', 'SALURENGKO'),
('7408012006', '74', '7408', '7408012', 'ULUWAWO'),
('7408012007', '74', '7408', '7408012', 'LATAWE'),
('7408020012', '74', '7408', '7408020', 'SULAHO'),
('7408020013', '74', '7408', '7408020', 'TOTALLANG'),
('7408020014', '74', '7408', '7408020', 'PITULUA'),
('7408020015', '74', '7408', '7408020', 'RANTE LIMBONG'),
('7408020016', '74', '7408', '7408020', 'TOJABI'),
('7408020017', '74', '7408', '7408020', 'LASUSUA'),
('7408020018', '74', '7408', '7408020', 'WATULIU'),
('7408020019', '74', '7408', '7408020', 'PONGGIHA'),
('7408020026', '74', '7408', '7408020', 'PATOWONUA'),
('7408020027', '74', '7408', '7408020', 'BABUSSALAM'),
('7408020028', '74', '7408', '7408020', 'BATUGANDA PERMAI'),
('7408020029', '74', '7408', '7408020', 'PUNCAK MONAPA'),
('7408021001', '74', '7408', '7408021', 'UJUNG TOBAKU'),
('7408021002', '74', '7408', '7408021', 'KATOI'),
('7408021003', '74', '7408', '7408021', 'SIMBULA'),
('7408021004', '74', '7408', '7408021', 'MARUGE'),
('7408021005', '74', '7408', '7408021', 'LANIPA-NIPA'),
('7408021006', '74', '7408', '7408021', 'LAMBUNO'),
('7408030001', '74', '7408', '7408030', 'KALU KALUKU'),
('7408030002', '74', '7408', '7408030', 'AWO'),
('7408030003', '74', '7408', '7408030', 'LAMETUNA'),
('7408030004', '74', '7408', '7408030', 'MALA MALA'),
('7408030005', '74', '7408', '7408030', 'JABAL NUR'),
('7408030006', '74', '7408', '7408030', 'KOROHA'),
('7408030007', '74', '7408', '7408030', 'JABAL KUBIS'),
('7408030008', '74', '7408', '7408030', 'KAMISI'),
('7408030009', '74', '7408', '7408030', 'MEETO'),
('7408030014', '74', '7408', '7408030', 'SAWANGAOHA'),
('7408030017', '74', '7408', '7408030', 'DELANG-DELANG'),
('7408030018', '74', '7408', '7408030', 'AINANI TAJRIANI'),
('7408031001', '74', '7408', '7408031', 'MATTIRO BULU'),
('7408031002', '74', '7408', '7408031', 'LAWADIA'),
('7408031003', '74', '7408', '7408031', 'WATUMEA'),
('7408031004', '74', '7408', '7408031', 'TIWU'),
('7408031005', '74', '7408', '7408031', 'TAHIBUA'),
('7408031006', '74', '7408', '7408031', 'LAPOLU'),
('7408031007', '74', '7408', '7408031', 'TANGGEAO'),
('7408040004', '74', '7408', '7408040', 'TADOUMERA'),
('7408040005', '74', '7408', '7408040', 'LAPAI'),
('7408040006', '74', '7408', '7408040', 'KOREIHA'),
('7408040007', '74', '7408', '7408040', 'LAWOLATU'),
('7408040011', '74', '7408', '7408040', 'PUURAU'),
('7408040014', '74', '7408', '7408040', 'PARUTELLANG'),
('7408040015', '74', '7408', '7408040', 'WATU MUTAHA'),
('7408040016', '74', '7408', '7408040', 'BERINGIN'),
('7408040017', '74', '7408', '7408040', 'PADAELO'),
('7408040018', '74', '7408', '7408040', 'NIMBUNEHA'),
('7408041001', '74', '7408', '7408041', 'SAPOIHA'),
('7408041002', '74', '7408', '7408041', 'WATUNOHU'),
('7408041003', '74', '7408', '7408041', 'LAHABARU'),
('7408041004', '74', '7408', '7408041', 'SARONA'),
('7408041005', '74', '7408', '7408041', 'TAMBUHA'),
('7408041006', '74', '7408', '7408041', 'NYULE'),
('7408041007', '74', '7408', '7408041', 'SAMATURU'),
('7408041008', '74', '7408', '7408041', 'LELEHAO'),
('7408050012', '74', '7408', '7408050', 'LALOMBUNDI'),
('7408050013', '74', '7408', '7408050', 'TOAHA'),
('7408050014', '74', '7408', '7408050', 'KASUMEETO'),
('7408050015', '74', '7408', '7408050', 'KOSALI'),
('7408050016', '74', '7408', '7408050', 'MIKUASI'),
('7408050017', '74', '7408', '7408050', 'OLO OLOHO'),
('7408050028', '74', '7408', '7408050', 'KONDARA'),
('7408050035', '74', '7408', '7408050', 'SIPAKAINGE'),
('7408050036', '74', '7408', '7408050', 'SEUWWA'),
('7408050037', '74', '7408', '7408050', 'ALIPATO'),
('7408050038', '74', '7408', '7408050', 'LALUME'),
('7408051001', '74', '7408', '7408051', 'TEPOSUA'),
('7408051002', '74', '7408', '7408051', 'PAKUE'),
('7408051003', '74', '7408', '7408051', 'MATALEUNO'),
('7408051005', '74', '7408', '7408051', 'LAWATA'),
('7408051006', '74', '7408', '7408051', 'AMOWE'),
('7408051007', '74', '7408', '7408051', 'KALO'),
('7408051008', '74', '7408', '7408051', 'SALU DONGKA'),
('7408051009', '74', '7408', '7408051', 'LENGKONG BATU'),
('7408052001', '74', '7408', '7408052', 'PASAMPANG'),
('7408052002', '74', '7408', '7408052', 'LABIPI'),
('7408052003', '74', '7408', '7408052', 'LANIPA'),
('7408052004', '74', '7408', '7408052', 'MAJAPAHIT'),
('7408052005', '74', '7408', '7408052', 'LATALI'),
('7408052006', '74', '7408', '7408052', 'TERENGGA'),
('7408052007', '74', '7408', '7408052', 'POWALAA'),
('7408052008', '74', '7408', '7408052', 'TO''LEMO'),
('7408052009', '74', '7408', '7408052', 'SALULOTONG'),
('7408052010', '74', '7408', '7408052', 'KALAHUNDE'),
('7408060001', '74', '7408', '7408060', 'LATOWU'),
('7408060002', '74', '7408', '7408060', 'BATU API'),
('7408060003', '74', '7408', '7408060', 'BUKIT TINGGI'),
('7408060006', '74', '7408', '7408060', 'MOSIKU'),
('7408060007', '74', '7408', '7408060', 'LELEWAWO'),
('7408060015', '74', '7408', '7408060', 'PARU LAMPE'),
('7408060016', '74', '7408', '7408060', 'BUKIT BARU'),
('7408060017', '74', '7408', '7408060', 'PUNCAK HARAPAN'),
('7408060018', '74', '7408', '7408060', 'MAKKUASENG'),
('7408060019', '74', '7408', '7408060', 'TETEBAWO'),
('7408061001', '74', '7408', '7408061', 'TOBELA'),
('7408061002', '74', '7408', '7408061', 'TANGGA RURU'),
('7408061003', '74', '7408', '7408061', 'POREHU'),
('7408061004', '74', '7408', '7408061', 'PONGGI'),
('7408061005', '74', '7408', '7408061', 'LARUI'),
('7408061006', '74', '7408', '7408061', 'BANGSALA'),
('7408061007', '74', '7408', '7408061', 'SARAMBU'),
('7408061008', '74', '7408', '7408061', 'TINUNA'),
('7408062001', '74', '7408', '7408062', 'LAWAKI JAYA'),
('7408062002', '74', '7408', '7408062', 'PATIKALA'),
('7408062003', '74', '7408', '7408062', 'TOLALA'),
('7408062005', '74', '7408', '7408062', 'LELEWULU'),
('7408062006', '74', '7408', '7408062', 'LOKA'),
('7409100009', '74', '7409', '7409100', 'BONEGUNU(KIOKO)'),
('7409100010', '74', '7409', '7409100', 'LAANOIPI'),
('7409100011', '74', '7409', '7409100', 'WAODE KALOWO'),
('7409100013', '74', '7409', '7409100', 'EEN SUMALA'),
('7409100014', '74', '7409', '7409100', 'WAODE ANGKALO'),
('7409100016', '74', '7409', '7409100', 'RONTA'),
('7409100017', '74', '7409', '7409100', 'KOEPISINO'),
('7409100018', '74', '7409', '7409100', 'LANGERE'),
('7409100019', '74', '7409', '7409100', 'KOBORUNO'),
('7409100020', '74', '7409', '7409100', 'DAMAI LABORONA'),
('7409100021', '74', '7409', '7409100', 'TOTOMBULI'),
('7409100022', '74', '7409', '7409100', 'NGAPAEA'),
('7409100023', '74', '7409', '7409100', 'RANTE GOLA'),
('7409101001', '74', '7409', '7409101', 'M A T A'),
('7409101002', '74', '7409', '7409101', 'KONDE'),
('7409101003', '74', '7409', '7409101', 'LAGUNDI'),
('7409101004', '74', '7409', '7409101', 'PONGKOWULU'),
('7409101005', '74', '7409', '7409101', 'KAMBOWA'),
('7409101006', '74', '7409', '7409101', 'MORINDINO'),
('7409101007', '74', '7409', '7409101', 'LAHUMOKO(TRI MULYA)'),
('7409101008', '74', '7409', '7409101', 'BUBU'),
('7409101011', '74', '7409', '7409101', 'BUBU BARAT'),
('7409110010', '74', '7409', '7409110', 'MATALAGI'),
('7409110012', '74', '7409', '7409110', 'LABARAGA'),
('7409110013', '74', '7409', '7409110', 'LASIWA'),
('7409110014', '74', '7409', '7409110', 'LABUAN BAJO'),
('7409110015', '74', '7409', '7409110', 'LABUAN WOLIO'),
('7409110016', '74', '7409', '7409110', 'LABUAN'),
('7409110017', '74', '7409', '7409110', 'WANTULASI'),
('7409110018', '74', '7409', '7409110', 'LABA JAYA'),
('7409110019', '74', '7409', '7409110', 'SUMAMPENO'),
('7409110020', '74', '7409', '7409110', 'LABUKO'),
('7409110021', '74', '7409', '7409110', 'WAMORAPA'),
('7409110022', '74', '7409', '7409110', 'OENGKAPALA'),
('7409110023', '74', '7409', '7409110', 'UPT LAEYA'),
('7409120001', '74', '7409', '7409120', 'BONELIPU'),
('7409120003', '74', '7409', '7409120', 'R O M B O'),
('7409120004', '74', '7409', '7409120', 'LINSOWU'),
('7409120005', '74', '7409', '7409120', 'LAKONEA'),
('7409120006', '74', '7409', '7409120', 'LIPU'),
('7409120007', '74', '7409', '7409120', 'BANGKUDU'),
('7409120008', '74', '7409', '7409120', 'L O J I'),
('7409120009', '74', '7409', '7409120', 'KALIBU'),
('7409120010', '74', '7409', '7409120', 'EELAHAJI'),
('7409120011', '74', '7409', '7409120', 'JAMPAKA'),
('7409120012', '74', '7409', '7409120', 'TOMOAHI'),
('7409120017', '74', '7409', '7409120', 'WACULAEA'),
('7409120018', '74', '7409', '7409120', 'TRI WACU-WACU'),
('7409120019', '74', '7409', '7409120', 'MALALANDA'),
('7409120020', '74', '7409', '7409120', 'LANTAGI'),
('7409120021', '74', '7409', '7409120', 'LEMO EA'),
('7409120022', '74', '7409', '7409120', 'WASALABOSE'),
('7409120023', '74', '7409', '7409120', 'BANU-BANUA JAYA'),
('7409120024', '74', '7409', '7409120', 'WANDAKA'),
('7409120025', '74', '7409', '7409120', 'SARAEA'),
('7409120026', '74', '7409', '7409120', 'KADACUA'),
('7409120027', '74', '7409', '7409120', 'LAANGKE'),
('7409121001', '74', '7409', '7409121', 'RAHMAT BARU'),
('7409121002', '74', '7409', '7409121', 'SOLOY AGUNG'),
('7409121003', '74', '7409', '7409121', 'KOTAWO'),
('7409121004', '74', '7409', '7409121', 'BUMI LAPERO'),
('7409121005', '74', '7409', '7409121', 'DAMPALA JAYA'),
('7409121006', '74', '7409', '7409121', 'KASULATOMBI'),
('7409121007', '74', '7409', '7409121', 'KARYA BAKTI'),
('7409121008', '74', '7409', '7409121', 'MARGA KARYA'),
('7409121009', '74', '7409', '7409121', 'LAUKI'),
('7409121012', '74', '7409', '7409121', 'LABULANDA'),
('7409121013', '74', '7409', '7409121', 'LAPANDEWA'),
('7409121015', '74', '7409', '7409121', 'KARYA MULIA'),
('7409122001', '74', '7409', '7409122', 'ULUNAMBO'),
('7409122002', '74', '7409', '7409122', 'WAODE BURI'),
('7409122003', '74', '7409', '7409122', 'LELAMO'),
('7409122004', '74', '7409', '7409122', 'PETETEAA'),
('7409122005', '74', '7409', '7409122', 'PEBAOA'),
('7409122006', '74', '7409', '7409122', 'LANOSANGIA'),
('7409122007', '74', '7409', '7409122', 'LAMOAHI'),
('7409122008', '74', '7409', '7409122', 'TORUMBIA'),
('7409122009', '74', '7409', '7409122', 'KUROLABU'),
('7409122010', '74', '7409', '7409122', 'EERINERE'),
('7409122011', '74', '7409', '7409122', 'WAMBOULE'),
('7409122013', '74', '7409', '7409122', 'LABELETE'),
('7409122014', '74', '7409', '7409122', 'WOWONGA JAYA'),
('7409122015', '74', '7409', '7409122', 'BIRA'),
('7410010006', '74', '7410', '7410010', 'KOKAPI'),
('7410010007', '74', '7410', '7410010', 'MATANGGONAWE'),
('7410010008', '74', '7410', '7410010', 'PUDONGGALA'),
('7410010010', '74', '7410', '7410010', 'SAWA'),
('7410010011', '74', '7410', '7410010', 'LAIMEO'),
('7410010012', '74', '7410', '7410010', 'LALEMBO'),
('7410010030', '74', '7410', '7410010', 'PUUDONGGALA UTAMA'),
('7410010031', '74', '7410', '7410010', 'ULUSAWA'),
('7410010032', '74', '7410', '7410010', 'PEKAROA'),
('7410010034', '74', '7410', '7410010', 'TUNDUNGANO'),
('7410011002', '74', '7410', '7410011', 'KAPOLANO'),
('7410011004', '74', '7410', '7410011', 'PONI-PONIKI'),
('7410011006', '74', '7410', '7410011', 'BANGGINA'),
('7410011007', '74', '7410', '7410011', 'LAMBULUO'),
('7410011008', '74', '7410', '7410011', 'MOTUI'),
('7410011009', '74', '7410', '7410011', 'PUUWONGGIA'),
('7410011010', '74', '7410', '7410011', 'WAWOLURI'),
('7410011011', '74', '7410', '7410011', 'UPT. TONDOWATU'),
('7410011013', '74', '7410', '7410011', 'SAMA SUBUR'),
('7410011014', '74', '7410', '7410011', 'RANOMBUPULU'),
('7410020001', '74', '7410', '7410020', 'TONGALINO'),
('7410020002', '74', '7410', '7410020', 'TAIPA'),
('7410020003', '74', '7410', '7410020', 'PUUSIAMBU'),
('7410020005', '74', '7410', '7410020', 'LEMBO'),
('7410020006', '74', '7410', '7410020', 'PASIR PUTIH'),
('7410020009', '74', '7410', '7410020', 'ALO-ALO'),
('7410020011', '74', '7410', '7410020', 'LARAMO'),
('7410020012', '74', '7410', '7410020', 'WATU WULAA'),
('7410030027', '74', '7410', '7410030', 'ABOLA'),
('7410030028', '74', '7410', '7410030', 'BELALO'),
('7410030029', '74', '7410', '7410030', 'ANDEO'),
('7410030030', '74', '7410', '7410030', 'MATAPILA'),
('7410030031', '74', '7410', '7410030', 'LAMETONO'),
('7410030032', '74', '7410', '7410030', 'ANDUMOWU'),
('7410030033', '74', '7410', '7410030', 'BASULE'),
('7410030034', '74', '7410', '7410030', 'T I N O B U'),
('7410030036', '74', '7410', '7410030', 'OTOLE'),
('7410030037', '74', '7410', '7410030', 'WATUKILA'),
('7410030048', '74', '7410', '7410030', 'LARODANGGE'),
('7410030053', '74', '7410', '7410030', 'TETELUPAI'),
('7410030055', '74', '7410', '7410030', 'MUARA TINOBU'),
('7410031001', '74', '7410', '7410031', 'TANJUNG BUNGA'),
('7410031002', '74', '7410', '7410031', 'KAMPOBUNGA'),
('7410031003', '74', '7410', '7410031', 'LEMOBAJO'),
('7410031004', '74', '7410', '7410031', 'WAWOLESEA'),
('7410031005', '74', '7410', '7410031', 'TOREO'),
('7410031006', '74', '7410', '7410031', 'BARASANGA'),
('7410031007', '74', '7410', '7410031', 'OTIPULU'),
('7410031008', '74', '7410', '7410031', 'KAMPOH CINA'),
('7410031009', '74', '7410', '7410031', 'TOKOWUTA'),
('7410032001', '74', '7410', '7410032', 'BOENAGA'),
('7410032002', '74', '7410', '7410032', 'WATURAMBAHA'),
('7410032003', '74', '7410', '7410032', 'LABENGI'),
('7410032004', '74', '7410', '7410032', 'MOROMBO'),
('7410032005', '74', '7410', '7410032', 'TAPUNOPAKA'),
('7410032006', '74', '7410', '7410032', 'BOEDINGI'),
('7410040002', '74', '7410', '7410040', 'BANDAEHA'),
('7410040003', '74', '7410', '7410040', 'MOLAWE'),
('7410040004', '74', '7410', '7410040', 'AWILA'),
('7410040005', '74', '7410', '7410040', 'MOWUNDO'),
('7410040006', '74', '7410', '7410040', 'MANDIODO'),
('7410040007', '74', '7410', '7410040', 'TAPUNGGAYA'),
('7410040008', '74', '7410', '7410040', 'AWILA PUNCAK'),
('7410040009', '74', '7410', '7410040', 'TAPUEMEA'),
('7410050008', '74', '7410', '7410050', 'WANGGUDU'),
('7410050009', '74', '7410', '7410050', 'TANGGULURI'),
('7410050010', '74', '7410', '7410050', 'WUNDUHAKA'),
('7410050011', '74', '7410', '7410050', 'WANGGUDU RAYA'),
('7410050012', '74', '7410', '7410050', 'WALALINDU'),
('7410050013', '74', '7410', '7410050', 'TAPUWATU'),
('7410050014', '74', '7410', '7410050', 'WALASOLO'),
('7410050015', '74', '7410', '7410050', 'A S E R A'),
('7410050016', '74', '7410', '7410050', 'AMOROME'),
('7410050017', '74', '7410', '7410050', 'ASEMI NUNULAI'),
('7410050049', '74', '7410', '7410050', 'LONGEO UTAMA'),
('7410050050', '74', '7410', '7410050', 'PUUNGGOMOSI'),
('7410050051', '74', '7410', '7410050', 'PUUWANGGUDU'),
('7410050052', '74', '7410', '7410050', 'KOTA MULIA'),
('7410050053', '74', '7410', '7410050', 'AMOROME UTAMA'),
('7410050054', '74', '7410', '7410050', 'OHEO TRANS'),
('7410050055', '74', '7410', '7410050', 'ALA WANGGUDU'),
('7410050056', '74', '7410', '7410050', 'ANDEDAO'),
('7410051001', '74', '7410', '7410051', 'BANGGAREMA'),
('7410051002', '74', '7410', '7410051', 'LAHIMBUA'),
('7410051003', '74', '7410', '7410051', 'LAMONDOWO'),
('7410051004', '74', '7410', '7410051', 'ANDOWIA'),
('7410051005', '74', '7410', '7410051', 'PUUSULI'),
('7410051006', '74', '7410', '7410051', 'LARONANGA'),
('7410051007', '74', '7410', '7410051', 'LABUNGGA'),
('7410051009', '74', '7410', '7410051', 'ANGGOLOHIPO'),
('7410051010', '74', '7410', '7410051', 'LAROBENDE'),
('7410051012', '74', '7410', '7410051', 'LAMBUDONI'),
('7410051013', '74', '7410', '7410051', 'MATA IWOI'),
('7410051021', '74', '7410', '7410051', 'AMOLAME'),
('7410051022', '74', '7410', '7410051', 'WAWORATE'),
('7410051023', '74', '7410', '7410051', 'AMBAKE'),
('7410052001', '74', '7410', '7410052', 'LAROONAHA'),
('7410052003', '74', '7410', '7410052', 'KOTA MAJU'),
('7410052004', '74', '7410', '7410052', 'LAMEORU'),
('7410052005', '74', '7410', '7410052', 'LANDAWE'),
('7410052007', '74', '7410', '7410052', 'WIWIRANO'),
('7410052008', '74', '7410', '7410052', 'MOPUTE'),
('7410052009', '74', '7410', '7410052', 'TODOLOIYO'),
('7410052010', '74', '7410', '7410052', 'PUUHIALU'),
('7410052011', '74', '7410', '7410052', 'LINOMOIYO'),
('7410052012', '74', '7410', '7410052', 'BENDE WUTA'),
('7410052013', '74', '7410', '7410052', 'TODOLOIYO TRANS'),
('7410052014', '74', '7410', '7410052', 'SAMBANDETE'),
('7410052015', '74', '7410', '7410052', 'PAKA INDAH'),
('7410052016', '74', '7410', '7410052', 'TINONDO'),
('7410052017', '74', '7410', '7410052', 'HOROE'),
('7410060001', '74', '7410', '7410060', 'SARI MUKTI (UPT.HIALU IV)'),
('7410060002', '74', '7410', '7410060', 'LANGGI KIMA (UPT.HIALU III)'),
('7410060003', '74', '7410', '7410060', 'MOLORE'),
('7410060004', '74', '7410', '7410060', 'LAMERURU'),
('7410060005', '74', '7410', '7410060', 'UPT.MOROMBO/TOBIMEITA'),
('7410060006', '74', '7410', '7410060', 'PARIAMA'),
('7410060007', '74', '7410', '7410060', 'POLORA INDAH'),
('7410060008', '74', '7410', '7410060', 'ALENGGO'),
('7410060010', '74', '7410', '7410060', 'MOLORE PANTAI'),
('7410060011', '74', '7410', '7410060', 'NGAPAINIA'),
('7410060012', '74', '7410', '7410060', 'MOROMBO PANTAI'),
('7410070003', '74', '7410', '7410070', 'WAWOHEO'),
('7410070005', '74', '7410', '7410070', 'LAMONAE'),
('7410070006', '74', '7410', '7410070', 'PADALERE'),
('7410070007', '74', '7410', '7410070', 'CULAMBATU (UPT.LAMONAE III)'),
('7410070008', '74', '7410', '7410070', 'LAMPARINGA (UPT PADALERE)'),
('7410070018', '74', '7410', '7410070', 'WACU MALEWE'),
('7410070019', '74', '7410', '7410070', 'LAMONAE UTAMA'),
('7410070020', '74', '7410', '7410070', 'MATA OSOLE'),
('7410070022', '74', '7410', '7410070', 'PONDOA'),
('7410070023', '74', '7410', '7410070', 'WAWONTOAHO'),
('7410070025', '74', '7410', '7410070', 'PADALERE UTAMA'),
('7410070029', '74', '7410', '7410070', 'LAROMPANA'),
('7410070030', '74', '7410', '7410070', 'WACU PINODO'),
('7410070031', '74', '7410', '7410070', 'UPT PADALERE UTAMA'),
('7410070032', '74', '7410', '7410070', 'HIALU'),
('7410071001', '74', '7410', '7410071', 'HIALU UTAMA (UPT. HIALU II)'),
('7410071002', '74', '7410', '7410071', 'MATA BANUA (UPT LAMONAE I)'),
('7410071003', '74', '7410', '7410071', 'KURATAO'),
('7410071004', '74', '7410', '7410071', 'LANDAWE UTAMA'),
('7410071005', '74', '7410', '7410071', 'POLO POLORA'),
('7410071006', '74', '7410', '7410071', 'KOLOSUA'),
('7410071007', '74', '7410', '7410071', 'TAMBAKUA'),
('7410071008', '74', '7410', '7410071', 'LANDIWO'),
('7410071009', '74', '7410', '7410071', 'LAHUMOSO'),
('7410071010', '74', '7410', '7410071', 'MATABAHO'),
('7411010001', '74', '7411', '7411010', 'IWOI MEA JAYA'),
('7411010002', '74', '7411', '7411010', 'PEKOREA'),
('7411010003', '74', '7411', '7411010', 'TAORE'),
('7411010004', '74', '7411', '7411010', 'AWIU'),
('7411010005', '74', '7411', '7411010', 'WATUOHA'),
('7411010006', '74', '7411', '7411010', 'IWOIMENGGURA'),
('7411010007', '74', '7411', '7411010', 'ULUNDORO'),
('7411010008', '74', '7411', '7411010', 'AERE'),
('7411010009', '74', '7411', '7411010', 'RUBIA'),
('7411010010', '74', '7411', '7411010', 'ALADADIO'),
('7411010011', '74', '7411', '7411010', 'TINETE'),
('7411020001', '74', '7411', '7411020', 'PENANGGOOTU'),
('7411020002', '74', '7411', '7411020', 'MONDOKE'),
('7411020003', '74', '7411', '7411020', 'MOKUPA'),
('7411020004', '74', '7411', '7411020', 'ONEMANU'),
('7411020005', '74', '7411', '7411020', 'BOU'),
('7411020006', '74', '7411', '7411020', 'LOWA'),
('7411020007', '74', '7411', '7411020', 'LERE JAYA'),
('7411020008', '74', '7411', '7411020', 'ATOLANU'),
('7411020009', '74', '7411', '7411020', 'INOTU'),
('7411020010', '74', '7411', '7411020', 'PENANGGO JAYA'),
('7411020012', '74', '7411', '7411020', 'PENANGGOOSI'),
('7411020013', '74', '7411', '7411020', 'WONUAMBUTEO'),
('7411020014', '74', '7411', '7411020', 'LALOLERA'),
('7411020015', '74', '7411', '7411020', 'POMBUREA'),
('7411030001', '74', '7411', '7411030', 'WUNDUBITE'),
('7411030002', '74', '7411', '7411030', 'PUUNDOKULO'),
('7411030003', '74', '7411', '7411030', 'HAKAMBOLOLI'),
('7411030004', '74', '7411', '7411030', 'ANDOWENGGA'),
('7411030005', '74', '7411', '7411030', 'TAOSU'),
('7411030006', '74', '7411', '7411030', 'PANGI-PANGI'),
('7411030007', '74', '7411', '7411030', 'POLI POLIA'),
('7411030008', '74', '7411', '7411030', 'INOTU MEWAO'),
('7411030009', '74', '7411', '7411030', 'TOKAI'),
('7411030011', '74', '7411', '7411030', 'POLEMAJU JAYA'),
('7411030012', '74', '7411', '7411030', 'POLENGA JAYA'),
('7411040001', '74', '7411', '7411040', 'LALOKATEBA'),
('7411040002', '74', '7411', '7411040', 'LAMOSILA'),
('7411040003', '74', '7411', '7411040', 'ANAMBADA'),
('7411040004', '74', '7411', '7411040', 'LEMBAH SUBUR'),
('7411040005', '74', '7411', '7411040', 'TALINDUKA'),
('7411040007', '74', '7411', '7411040', 'MULIA JAYA'),
('7411040009', '74', '7411', '7411040', 'TETEMBUTA'),
('7411040010', '74', '7411', '7411040', 'DANGIA'),
('7411040011', '74', '7411', '7411040', 'WANDE'),
('7411040012', '74', '7411', '7411040', 'TETEWUA'),
('7411050001', '74', '7411', '7411050', 'RARAA'),
('7411050002', '74', '7411', '7411050', 'WELALA'),
('7411050003', '74', '7411', '7411050', 'ATULA'),
('7411050004', '74', '7411', '7411050', 'POMBEYOHA'),
('7411050005', '74', '7411', '7411050', 'WUNGGULOKO'),
('7411050006', '74', '7411', '7411050', 'LADONGI JAYA'),
('7411050007', '74', '7411', '7411050', 'TONGANDIU'),
('7411050008', '74', '7411', '7411050', 'LALOWOSULA'),
('7411050009', '74', '7411', '7411050', 'PUTEMATA'),
('7411060004', '74', '7411', '7411060', 'TINOMU'),
('7411060005', '74', '7411', '7411060', 'IWOIKONDO'),
('7411060006', '74', '7411', '7411060', 'PEATOA'),
('7411060007', '74', '7411', '7411060', 'LALOWURA'),
('7411060008', '74', '7411', '7411060', 'LOEA'),
('7411060009', '74', '7411', '7411060', 'SIMBALAI'),
('7411070001', '74', '7411', '7411070', 'LALINGATO'),
('7411070002', '74', '7411', '7411070', 'SIMBUNE'),
('7411070003', '74', '7411', '7411070', 'PONI PONIKI'),
('7411070005', '74', '7411', '7411070', 'TASAHEA'),
('7411070006', '74', '7411', '7411070', 'TABABU'),
('7411070007', '74', '7411', '7411070', 'RATE-RATE'),
('7411070008', '74', '7411', '7411070', 'ORAWA'),
('7411070011', '74', '7411', '7411070', 'WOIHA'),
('7411070012', '74', '7411', '7411070', 'LARA'),
('7411070013', '74', '7411', '7411070', 'ROKO-ROKO'),
('7411070014', '74', '7411', '7411070', 'TAWAINALU'),
('7411070015', '74', '7411', '7411070', 'KAREMOTINGGE'),
('7411070016', '74', '7411', '7411070', 'TUMBUDADIO'),
('7411080001', '74', '7411', '7411080', 'WESALO'),
('7411080002', '74', '7411', '7411080', 'LALOLAE'),
('7411080003', '74', '7411', '7411080', 'KEISIO'),
('7411080005', '74', '7411', '7411080', 'TALODO'),
('7411090002', '74', '7411', '7411090', 'WATUPUTE'),
('7411090003', '74', '7411', '7411090', 'LAPANGISI'),
('7411090004', '74', '7411', '7411090', 'INEBENGGI'),
('7411090005', '74', '7411', '7411090', 'SABI-SABILA'),
('7411090007', '74', '7411', '7411090', 'LAMBOTUA'),
('7411090008', '74', '7411', '7411090', 'PUUOSU'),
('7411090009', '74', '7411', '7411090', 'NELOMBU'),
('7411090010', '74', '7411', '7411090', 'ULU MOWEWE'),
('7411100001', '74', '7411', '7411100', 'WEAMO'),
('7411100002', '74', '7411', '7411100', 'TINENGI'),
('7411100004', '74', '7411', '7411100', 'TALATA'),
('7411100005', '74', '7411', '7411100', 'IWOIMEA'),
('7411100006', '74', '7411', '7411100', 'TAWAROMBADAKA'),
('7411100007', '74', '7411', '7411100', 'SOLEWATU'),
('7411100008', '74', '7411', '7411100', 'TAWA-TAWARO'),
('7411100009', '74', '7411', '7411100', 'AMBAPA'),
('7411100010', '74', '7411', '7411100', 'TUTUWI'),
('7411100011', '74', '7411', '7411100', 'SINGGERE'),
('7411110001', '74', '7411', '7411110', 'AUKORA'),
('7411110005', '74', '7411', '7411110', 'LALOMBAI'),
('7411110006', '74', '7411', '7411110', 'UNDOLO'),
('7411110008', '74', '7411', '7411110', 'AMOLOLU'),
('7411110010', '74', '7411', '7411110', 'PEHANGGO'),
('7411120001', '74', '7411', '7411120', 'SILUI'),
('7411120002', '74', '7411', '7411120', 'KONAWENDEPIHA'),
('7411120003', '74', '7411', '7411120', 'PORABUA'),
('7411120004', '74', '7411', '7411120', 'WESINGGOTE'),
('7411120005', '74', '7411', '7411120', 'UEESI'),
('7411120006', '74', '7411', '7411120', 'WATUMENDONGA'),
('7411120007', '74', '7411', '7411120', 'AHILULU'),
('7411120008', '74', '7411', '7411120', 'ALAAHA'),
('7411120009', '74', '7411', '7411120', 'LIKU WALANAPO'),
('7412010001', '74', '7412', '7412010', 'TEPOROKO'),
('7412010003', '74', '7412', '7412010', 'DOMPO-DOMPO JAYA'),
('7412010004', '74', '7412', '7412010', 'SUKARELA'),
('7412010005', '74', '7412', '7412010', 'NAMBO JAYA'),
('7412010006', '74', '7412', '7412010', 'SAINOA INDAH'),
('7412010007', '74', '7412', '7412010', 'SINAULU JAYA'),
('7412010008', '74', '7412', '7412010', 'MOSOLO'),
('7412010009', '74', '7412', '7412010', 'WUNSE JAYA'),
('7412010010', '74', '7412', '7412010', 'TONDONGITU'),
('7412010011', '74', '7412', '7412010', 'POLARA'),
('7412010012', '74', '7412', '7412010', 'SINAR MASOLO'),
('7412010013', '74', '7412', '7412010', 'BAHABA'),
('7412020001', '74', '7412', '7412020', 'WAKADAWU'),
('7412020003', '74', '7412', '7412020', 'TEKONEA'),
('7412020005', '74', '7412', '7412020', 'KEL. MUNSE'),
('7412020006', '74', '7412', '7412020', 'LAIWO JAYA'),
('7412020007', '74', '7412', '7412020', 'DESA MUNSE'),
('7412020008', '74', '7412', '7412020', 'LEBO'),
('7412020009', '74', '7412', '7412020', 'NANGA'),
('7412020010', '74', '7412', '7412020', 'BUTUEA'),
('7412020011', '74', '7412', '7412020', 'LEMBONO'),
('7412020012', '74', '7412', '7412020', 'SABURANO'),
('7412030002', '74', '7412', '7412030', 'MATA DIMBA'),
('7412030003', '74', '7412', '7412030', 'DIMBA'),
('7412030004', '74', '7412', '7412030', 'PATANDE'),
('7412030005', '74', '7412', '7412030', 'LADIANTA'),
('7412030006', '74', '7412', '7412030', 'TANGKOMBUNO'),
('7412030007', '74', '7412', '7412030', 'BAHO BUBU'),
('7412030008', '74', '7412', '7412030', 'NOKO'),
('7412030009', '74', '7412', '7412030', 'BANGUN MEKAR'),
('7412030010', '74', '7412', '7412030', 'WATUONDO'),
('7412040002', '74', '7412', '7412040', 'WAWOROPE'),
('7412040003', '74', '7412', '7412040', 'DONGKALAEA'),
('7412040004', '74', '7412', '7412040', 'LABEAU'),
('7412040005', '74', '7412', '7412040', 'WAWOBEAU'),
('7412040006', '74', '7412', '7412040', 'TOMBAONE'),
('7412040007', '74', '7412', '7412040', 'LABISA'),
('7412040008', '74', '7412', '7412040', 'LANSILOWO'),
('7412040009', '74', '7412', '7412040', 'TOMBAONE UTAMA'),
('7412040010', '74', '7412', '7412040', 'PALINGI BARAT'),
('7412040011', '74', '7412', '7412040', 'PALINGI'),
('7412040012', '74', '7412', '7412040', 'MATA BUBU'),
('7412040013', '74', '7412', '7412040', 'MAWA'),
('7412040014', '74', '7412', '7412040', 'MATABURANGA'),
('7412040016', '74', '7412', '7412040', 'TAPUMBATU'),
('7412040017', '74', '7412', '7412040', 'PALINGI TIMUR'),
('7412040018', '74', '7412', '7412040', 'TONGALERE'),
('7412040019', '74', '7412', '7412040', 'TOMBURANO'),
('7412040020', '74', '7412', '7412040', 'SAWAH INDAH'),
('7412040021', '74', '7412', '7412040', 'TEPOLAWA'),
('7412050001', '74', '7412', '7412050', 'LAWEY'),
('7412050002', '74', '7412', '7412050', 'PUUWATU'),
('7412050003', '74', '7412', '7412050', 'WAWOUSO'),
('7412050004', '74', '7412', '7412050', 'WAWOUSO BARU'),
('7412050005', '74', '7412', '7412050', 'BAKU-BAKU'),
('7412050006', '74', '7412', '7412050', 'BOBOLIO'),
('7412050007', '74', '7412', '7412050', 'SAWAEA'),
('7412050008', '74', '7412', '7412050', 'SAWAPATANI'),
('7412050009', '74', '7412', '7412050', 'WUNGKOLO'),
('7412050010', '74', '7412', '7412050', 'LANGARA JAYA'),
('7412060001', '74', '7412', '7412060', 'RAWA INDAH'),
('7412060002', '74', '7412', '7412060', 'LAMPEAPI'),
('7412060003', '74', '7412', '7412060', 'PESUE'),
('7412060004', '74', '7412', '7412060', 'LAMPEAPI BARU'),
('7412060005', '74', '7412', '7412060', 'LAMONGUPA'),
('7412060007', '74', '7412', '7412060', 'WAWOINDAH'),
('7412060008', '74', '7412', '7412060', 'UPT. BATUMEA/TUMBU-TUMBU JAYA'),
('7412060009', '74', '7412', '7412060', 'MOROBEA'),
('7412060010', '74', '7412', '7412060', 'BATUMEA'),
('7412060011', '74', '7412', '7412060', 'BAHO PULU WULU'),
('7412070001', '74', '7412', '7412070', 'BUKIT PERMAI'),
('7412070002', '74', '7412', '7412070', 'MATA BAHO'),
('7412070003', '74', '7412', '7412070', 'LAMOLUO'),
('7412070004', '74', '7412', '7412070', 'MATA LANGARA'),
('7412070005', '74', '7412', '7412070', 'LANGARA IWAWO'),
('7412070006', '74', '7412', '7412070', 'LANGARA LAUT'),
('7412070007', '74', '7412', '7412070', 'LANGARA INDAH'),
('7412070008', '74', '7412', '7412070', 'LANGARA BAJO'),
('7412070009', '74', '7412', '7412070', 'WAWOBILI'),
('7412070010', '74', '7412', '7412070', 'WAWOLAA'),
('7412070011', '74', '7412', '7412070', 'LANOWATU'),
('7413010016', '74', '7413', '7413010', 'SIDO MAKMUR'),
('7413010017', '74', '7413', '7413010', 'WULANGA JAYA'),
('7413010018', '74', '7413', '7413010', 'WANDOKE'),
('7413010019', '74', '7413', '7413010', 'TIWORO'),
('7413010020', '74', '7413', '7413010', 'LAWORO'),
('7413010021', '74', '7413', '7413010', 'WATUREMPE'),
('7413010022', '74', '7413', '7413010', 'WAUMERE'),
('7413010026', '74', '7413', '7413010', 'LASAMA'),
('7413010027', '74', '7413', '7413010', 'KATELA'),
('7413020001', '74', '7413', '7413020', 'G A L A'),
('7413020002', '74', '7413', '7413020', 'BANGKO'),
('7413020008', '74', '7413', '7413020', 'ABADI JAYA'),
('7413020009', '74', '7413', '7413020', 'PAJALA'),
('7413020010', '74', '7413', '7413020', 'MAGINTI'),
('7413020011', '74', '7413', '7413020', 'KANGKUNAWE'),
('7413020012', '74', '7413', '7413020', 'PASIPADANGAN'),
('7413020013', '74', '7413', '7413020', 'KEMBAR MAMINASA'),
('7413030001', '74', '7413', '7413030', 'WANSERIWU'),
('7413030002', '74', '7413', '7413030', 'LANGKU-LANGKU'),
('7413030004', '74', '7413', '7413030', 'WAPAE'),
('7413030005', '74', '7413', '7413030', 'LABOKOLO'),
('7413030011', '74', '7413', '7413030', 'LAKABU'),
('7413030012', '74', '7413', '7413030', 'MOMUNTU'),
('7413030024', '74', '7413', '7413030', 'SUKA DAMAI'),
('7413040001', '74', '7413', '7413040', 'BARAKKAH'),
('7413040002', '74', '7413', '7413040', 'SANGIA TIWORO'),
('7413040003', '74', '7413', '7413040', 'KASIMPA JAYA'),
('7413040004', '74', '7413', '7413040', 'KATANGANA'),
('7413040005', '74', '7413', '7413040', 'PARURA JAYA'),
('7413050001', '74', '7413', '7413050', 'TONDASI'),
('7413050002', '74', '7413', '7413050', 'SANTIRI'),
('7413050003', '74', '7413', '7413050', 'TASIPI'),
('7413050004', '74', '7413', '7413050', 'BERO'),
('7413050005', '74', '7413', '7413050', 'MANDIKE'),
('7413050006', '74', '7413', '7413050', 'SANTIGI'),
('7413050007', '74', '7413', '7413050', 'TIGA'),
('7413060008', '74', '7413', '7413060', 'LATOMPE'),
('7413060009', '74', '7413', '7413060', 'LALEMBA'),
('7413060010', '74', '7413', '7413060', 'WAMELAI(LAMBUBALANO)'),
('7413060011', '74', '7413', '7413060', 'LAPADAKU'),
('7413060012', '74', '7413', '7413060', 'MADAMPI'),
('7413060013', '74', '7413', '7413060', 'LAGADI'),
('7413060015', '74', '7413', '7413060', 'LATUGHO'),
('7413060033', '74', '7413', '7413060', 'WATUMELA'),
('7413070001', '74', '7413', '7413070', 'LAWADA JAYA'),
('7413070002', '74', '7413', '7413070', 'LAKALAMBA'),
('7413070003', '74', '7413', '7413070', 'MAROBEA'),
('7413070004', '74', '7413', '7413070', 'ONDOKE'),
('7413070011', '74', '7413', '7413070', 'NIHI'),
('7413070014', '74', '7413', '7413070', 'KAMPOBALANO'),
('7413070015', '74', '7413', '7413070', 'LOMBU JAYA'),
('7413070016', '74', '7413', '7413070', 'WAUKUNI'),
('7413070017', '74', '7413', '7413070', 'MAPERAHA'),
('7413070018', '74', '7413', '7413070', 'WAKOILA'),
('7413080002', '74', '7413', '7413080', 'SAWERIGADI'),
('7413080003', '74', '7413', '7413080', 'BUNGKOLO'),
('7413080004', '74', '7413', '7413080', 'LAPOLEA'),
('7413080005', '74', '7413', '7413080', 'WALELEI'),
('7413080006', '74', '7413', '7413080', 'WAULAI'),
('7413080007', '74', '7413', '7413080', 'LAFINDE'),
('7413080008', '74', '7413', '7413080', 'W U N A'),
('7413090001', '74', '7413', '7413090', 'KAMPANI'),
('7413090002', '74', '7413', '7413090', 'LINDO'),
('7413090003', '74', '7413', '7413090', 'KATOBU'),
('7413090004', '74', '7413', '7413090', 'LAILANGGA'),
('7413090005', '74', '7413', '7413090', 'LASOSODO'),
('7413090006', '74', '7413', '7413090', 'WAKONTU'),
('7413090007', '74', '7413', '7413090', 'LAKANAHA'),
('7413100014', '74', '7413', '7413100', 'KUSAMBI'),
('7413100016', '74', '7413', '7413100', 'GUALI'),
('7413100017', '74', '7413', '7413100', 'LAPOKAINSE'),
('7413100018', '74', '7413', '7413100', 'LEMOAMBO'),
('7413100019', '74', '7413', '7413100', 'KASAKAMU'),
('7413100020', '74', '7413', '7413100', 'LAKAWOGHE'),
('7413100021', '74', '7413', '7413100', 'BAKERAMBA'),
('7413100022', '74', '7413', '7413100', 'TANJUNG PINANG'),
('7413100023', '74', '7413', '7413100', 'SIDA MANGURA'),
('7413110001', '74', '7413', '7413110', 'MASARA'),
('7413110002', '74', '7413', '7413110', 'LAHAJI'),
('7413110003', '74', '7413', '7413110', 'UMBA'),
('7413110004', '74', '7413', '7413110', 'KOMBIKUNO'),
('7413110005', '74', '7413', '7413110', 'TANGKUMAHO'),
('7414010001', '74', '7414', '7414010', 'KOKOE'),
('7414010002', '74', '7414', '7414010', 'TALAGA BESAR'),
('7414010003', '74', '7414', '7414010', 'TALAGA II');
INSERT INTO `master_desa` (`id_desa`, `id_prop`, `id_kab`, `id_kec`, `nm_desa`) VALUES
('7414010004', '74', '7414', '7414010', 'TALAGA I'),
('7414010005', '74', '7414', '7414010', 'WULU'),
('7414010006', '74', '7414', '7414010', 'LIWU LOMPONA'),
('7414010007', '74', '7414', '7414010', 'PANGILIA'),
('7414020001', '74', '7414', '7414020', 'WAKAMBANGURA'),
('7414020002', '74', '7414', '7414020', 'KANCE BUNGI'),
('7414020003', '74', '7414', '7414020', 'GUMAMANO'),
('7414020006', '74', '7414', '7414020', 'MATARA'),
('7414020007', '74', '7414', '7414020', 'WASILOMATA I'),
('7414020008', '74', '7414', '7414020', 'WASILOMATA II'),
('7414020009', '74', '7414', '7414020', 'NAPA'),
('7414020010', '74', '7414', '7414020', 'BALOBONE'),
('7414020011', '74', '7414', '7414020', 'WATOLO'),
('7414020012', '74', '7414', '7414020', 'MAWASANGKA'),
('7414020013', '74', '7414', '7414020', 'OENGKOLAKI'),
('7414020014', '74', '7414', '7414020', 'BANGA'),
('7414020027', '74', '7414', '7414020', 'POLINDU'),
('7414020028', '74', '7414', '7414020', 'TANAILANDU'),
('7414020029', '74', '7414', '7414020', 'KANAPA NAPA'),
('7414020031', '74', '7414', '7414020', 'DAHIANGO'),
('7414020032', '74', '7414', '7414020', 'WAKAMBANGURA II'),
('7414020033', '74', '7414', '7414020', 'AIR BAJO'),
('7414030004', '74', '7414', '7414030', 'WATORUMBE'),
('7414030005', '74', '7414', '7414030', 'MORIKANA'),
('7414030009', '74', '7414', '7414030', 'GUNDU-GUNDU'),
('7414030015', '74', '7414', '7414030', 'LANTONGAU'),
('7414030016', '74', '7414', '7414030', 'LAKORUA'),
('7414030017', '74', '7414', '7414030', 'LANTO'),
('7414030018', '74', '7414', '7414030', 'LALIBO'),
('7414030026', '74', '7414', '7414030', 'LANGKOMU'),
('7414030027', '74', '7414', '7414030', 'WATORUMBE BATA'),
('7414030028', '74', '7414', '7414030', 'KATUKOBARI'),
('7414040001', '74', '7414', '7414040', 'LAGILI'),
('7414040002', '74', '7414', '7414040', 'WAMBULOLI'),
('7414040003', '74', '7414', '7414040', 'BONE MARAMBE'),
('7414040004', '74', '7414', '7414040', 'LASORI'),
('7414040005', '74', '7414', '7414040', 'INULU'),
('7414040006', '74', '7414', '7414040', 'WANTOPI'),
('7414040008', '74', '7414', '7414040', 'BATUBANAWA'),
('7414050001', '74', '7414', '7414050', 'MADONGKA'),
('7414050003', '74', '7414', '7414050', 'BONEOGE'),
('7414050004', '74', '7414', '7414050', 'NEPA MEKAR'),
('7414050005', '74', '7414', '7414050', 'GU TIMUR'),
('7414050006', '74', '7414', '7414050', 'LAKUDO'),
('7414050007', '74', '7414', '7414050', 'MATAWINE'),
('7414050008', '74', '7414', '7414050', 'MONE'),
('7414050009', '74', '7414', '7414050', 'MOKO'),
('7414050010', '74', '7414', '7414050', 'WAJOGU'),
('7414050011', '74', '7414', '7414050', 'METERE'),
('7414050012', '74', '7414', '7414050', 'LOLIBU'),
('7414050013', '74', '7414', '7414050', 'WONGKO LAKUDO'),
('7414050014', '74', '7414', '7414050', 'ONE WAARA'),
('7414050015', '74', '7414', '7414050', 'TELUK LASONGKO'),
('7414060001', '74', '7414', '7414060', 'WADIABERO'),
('7414060002', '74', '7414', '7414060', 'KOLOWA'),
('7414060008', '74', '7414', '7414060', 'RAHIA'),
('7414060009', '74', '7414', '7414060', 'WAKEA KEA'),
('7414060010', '74', '7414', '7414060', 'WALIKO'),
('7414060011', '74', '7414', '7414060', 'BOMBONAWULU'),
('7414060012', '74', '7414', '7414060', 'WALANDO'),
('7414060013', '74', '7414', '7414060', 'WATULEA'),
('7414060014', '74', '7414', '7414060', 'LAKAPERA'),
('7414060015', '74', '7414', '7414060', 'BANTEA'),
('7414060016', '74', '7414', '7414060', 'KAMAMA NEKAR'),
('7414060017', '74', '7414', '7414060', 'LOWU-LOWU'),
('7414070003', '74', '7414', '7414070', 'BARUTA LESTARI'),
('7414070004', '74', '7414', '7414070', 'TOLANDONA MATANAEO'),
('7414070005', '74', '7414', '7414070', 'DODA BAHARI'),
('7414070006', '74', '7414', '7414070', 'BARUTA ANALAKI'),
('7414070007', '74', '7414', '7414070', 'BARUTA'),
('7414070008', '74', '7414', '7414070', 'TOLANDONA'),
('7415010001', '74', '7415', '7415010', 'BATU ATAS LIWU'),
('7415010002', '74', '7415', '7415010', 'BATUATAS BARAT'),
('7415010003', '74', '7415', '7415010', 'TOLANDO JAYA'),
('7415010004', '74', '7415', '7415010', 'BATUATAS TIMUR'),
('7415010005', '74', '7415', '7415010', 'WACUALA'),
('7415010006', '74', '7415', '7415010', 'TADUASA'),
('7415010007', '74', '7415', '7415010', 'WAMBONGI'),
('7415020012', '74', '7415', '7415020', 'LAPANDEWA MAKMUR'),
('7415020014', '74', '7415', '7415020', 'GAYABARU'),
('7415020015', '74', '7415', '7415020', 'BURANGASI RUMBIA'),
('7415020016', '74', '7415', '7415020', 'BURANGASI'),
('7415020018', '74', '7415', '7415020', 'LAPANDEWA KAINDEA'),
('7415020019', '74', '7415', '7415020', 'LAPANDEWA JAYA'),
('7415030006', '74', '7415', '7415030', 'BANGUN'),
('7415030007', '74', '7415', '7415030', 'WAWOANGI'),
('7415030008', '74', '7415', '7415030', 'KATILOMBU'),
('7415030009', '74', '7415', '7415030', 'JAYABAKTI'),
('7415030010', '74', '7415', '7415030', 'TIRA'),
('7415030013', '74', '7415', '7415030', 'GERAK MAKMUR'),
('7415030019', '74', '7415', '7415030', 'GUNUNG SEJUK'),
('7415030020', '74', '7415', '7415030', 'TODOMBULU'),
('7415030021', '74', '7415', '7415030', 'SANDANG PANGAN'),
('7415030022', '74', '7415', '7415030', 'HENDEA'),
('7415030023', '74', '7415', '7415030', 'LIPUMANGAU'),
('7415030024', '74', '7415', '7415030', 'WATIGINANDA'),
('7415030025', '74', '7415', '7415030', 'BAHARI II'),
('7415030026', '74', '7415', '7415030', 'BAHARI III'),
('7415030027', '74', '7415', '7415030', 'WINDU MAKMUR'),
('7415040009', '74', '7415', '7415040', 'POGALAMPA'),
('7415040010', '74', '7415', '7415040', 'BOLA'),
('7415040012', '74', '7415', '7415040', 'MASIRI'),
('7415040013', '74', '7415', '7415040', 'LAOMPO'),
('7415040014', '74', '7415', '7415040', 'BUSOA'),
('7415040016', '74', '7415', '7415040', 'LAMPANAIRI'),
('7415040017', '74', '7415', '7415040', 'LAWELA SELATAN'),
('7415040018', '74', '7415', '7415040', 'LAKAMBAU'),
('7415040019', '74', '7415', '7415040', 'MOLAGINA'),
('7415040020', '74', '7415', '7415040', 'BANDAR BATAUGA'),
('7415050001', '74', '7415', '7415050', 'LALOLE'),
('7415050002', '74', '7415', '7415050', 'MOLONA'),
('7415050003', '74', '7415', '7415050', 'MBANUA'),
('7415050004', '74', '7415', '7415050', 'WATUAMPARA'),
('7415050005', '74', '7415', '7415050', 'KATAMPE'),
('7415050006', '74', '7415', '7415050', 'LAMANINGGARA'),
('7415050007', '74', '7415', '7415050', 'KAMOALI'),
('7415050008', '74', '7415', '7415050', 'MOKOBEAU'),
('7415060005', '74', '7415', '7415060', 'BIWINAPADA'),
('7415060006', '74', '7415', '7415060', 'KAIMBULAWA'),
('7415060007', '74', '7415', '7415060', 'WAKINAMBORO'),
('7415060008', '74', '7415', '7415060', 'TONGALI'),
('7415060009', '74', '7415', '7415060', 'LONTOI'),
('7415060010', '74', '7415', '7415060', 'KARAE'),
('7415060011', '74', '7415', '7415060', 'BATU AWU'),
('7415060012', '74', '7415', '7415060', 'NGGULA-NGGULA'),
('7415060013', '74', '7415', '7415060', 'WAINDAWULA'),
('7415060014', '74', '7415', '7415060', 'LAPARA'),
('7415070001', '74', '7415', '7415070', 'WAONU'),
('7415070002', '74', '7415', '7415070', 'KAPOA'),
('7415070003', '74', '7415', '7415070', 'KAOFE'),
('7415070004', '74', '7415', '7415070', 'UWEMAASI'),
('7415070007', '74', '7415', '7415070', 'KAPOA BARAT'),
('7415070008', '74', '7415', '7415070', 'MAWAMBUNGA'),
('7415070009', '74', '7415', '7415070', 'MARAWALI'),
('7415070010', '74', '7415', '7415070', 'BANABUNGI SELATAN'),
('7471010011', '74', '7471', '7471010', 'MANDONGA'),
('7471010013', '74', '7471', '7471010', 'ANGGILOWU'),
('7471010014', '74', '7471', '7471010', 'ALOLAMA'),
('7471010015', '74', '7471', '7471010', 'WAWOMBALATA'),
('7471010016', '74', '7471', '7471010', 'LABIBIA'),
('7471011002', '74', '7471', '7471011', 'LEPO-LEPO'),
('7471011013', '74', '7471', '7471011', 'WUNDUDOPI'),
('7471012008', '74', '7471', '7471012', 'WATULONDO'),
('7471012009', '74', '7471', '7471012', 'PUNGGOLAKA'),
('7471012010', '74', '7471', '7471012', 'TOBUUHA'),
('7471012017', '74', '7471', '7471012', 'LALODATI'),
('7471012018', '74', '7471', '7471012', 'ABELI DALAM'),
('7471013006', '74', '7471', '7471013', 'KADIA'),
('7471013010', '74', '7471', '7471013', 'WOWAWANGGU'),
('7471013012', '74', '7471', '7471013', 'PONDAMBEA'),
('7471014003', '74', '7471', '7471014', 'BONGGOEYA'),
('7471014004', '74', '7471', '7471014', 'WUA-WUA'),
('7471014011', '74', '7471', '7471014', 'ANAWAI'),
('7471020003', '74', '7471', '7471020', 'ANDUONOHU'),
('7471020004', '74', '7471', '7471020', 'RAHANDOUNA'),
('7471020005', '74', '7471', '7471020', 'ANGGOEYA'),
('7471021001', '74', '7471', '7471021', 'BENUA NIRAE'),
('7471021002', '74', '7471', '7471021', 'PUDAI'),
('7471021005', '74', '7471', '7471021', 'ABELI'),
('7471021006', '74', '7471', '7471021', 'ANGGOLOMELAI'),
('7471021008', '74', '7471', '7471021', 'POASIA'),
('7471021009', '74', '7471', '7471021', 'TALIA'),
('7471021010', '74', '7471', '7471021', 'PETOAHA'),
('7471021012', '74', '7471', '7471021', 'BUNGKUTOKO'),
('7471021013', '74', '7471', '7471021', 'SAMBULI'),
('7471021014', '74', '7471', '7471021', 'TONDONGGEU'),
('7471022002', '74', '7471', '7471022', 'KAMBU'),
('7471022004', '74', '7471', '7471022', 'LALOLARA'),
('7471030009', '74', '7471', '7471030', 'KANDAI'),
('7471030010', '74', '7471', '7471030', 'GUNUNG JATI'),
('7471030011', '74', '7471', '7471030', 'KENDARI CADDI'),
('7471030012', '74', '7471', '7471030', 'KESSILAMPE'),
('7471030013', '74', '7471', '7471030', 'KAMPUNG SALO'),
('7471030014', '74', '7471', '7471030', 'MANGGA DUA'),
('7471030015', '74', '7471', '7471030', 'MATA'),
('7471030016', '74', '7471', '7471030', 'PURIRANO'),
('7471030017', '74', '7471', '7471030', 'JATI MEKAR'),
('7471031001', '74', '7471', '7471031', 'KEMARAYA'),
('7471031003', '74', '7471', '7471031', 'TIPULU'),
('7471031004', '74', '7471', '7471031', 'PUNGGALOBA'),
('7471031005', '74', '7471', '7471031', 'BENU-BENUA'),
('7471031006', '74', '7471', '7471031', 'SODOHOA'),
('7471031007', '74', '7471', '7471031', 'SANUA'),
('7471031008', '74', '7471', '7471031', 'DAPU-DAPURA'),
('7471031009', '74', '7471', '7471031', 'LAHUNDAPE'),
('7472010001', '74', '7472', '7472010', 'SULAA'),
('7472010002', '74', '7472', '7472010', 'WABOROBO'),
('7472010009', '74', '7472', '7472010', 'KATOBENGKE'),
('7472010010', '74', '7472', '7472010', 'LABALAWA'),
('7472011001', '74', '7472', '7472011', 'BAADIA'),
('7472011002', '74', '7472', '7472011', 'MELAI'),
('7472011003', '74', '7472', '7472011', 'WAJO'),
('7472011004', '74', '7472', '7472011', 'LAMANGGA'),
('7472011005', '74', '7472', '7472011', 'TANGANAPADA'),
('7472012002', '74', '7472', '7472012', 'TARAFU'),
('7472012003', '74', '7472', '7472012', 'WAMEO'),
('7472012004', '74', '7472', '7472012', 'KAOBULA'),
('7472012006', '74', '7472', '7472012', 'NGANGANAUMALA'),
('7472020001', '74', '7472', '7472020', 'BATARAGURU'),
('7472020002', '74', '7472', '7472020', 'TOMBA'),
('7472020003', '74', '7472', '7472020', 'WALE'),
('7472020004', '74', '7472', '7472020', 'BATULO'),
('7472020005', '74', '7472', '7472020', 'WANGKANAPI'),
('7472020007', '74', '7472', '7472020', 'BUKIT WOLIO INDAH'),
('7472020008', '74', '7472', '7472020', 'KADOLO KATAPI'),
('7472021001', '74', '7472', '7472021', 'KADOLOMOKO'),
('7472021002', '74', '7472', '7472021', 'WARURUMA'),
('7472021004', '74', '7472', '7472021', 'LIWUTO'),
('7472021005', '74', '7472', '7472021', 'SUKANAYO'),
('7472021006', '74', '7472', '7472021', 'KADOLO'),
('7472030001', '74', '7472', '7472030', 'KAISABU BARU'),
('7472030003', '74', '7472', '7472030', 'BUGI'),
('7472030004', '74', '7472', '7472030', 'GONDA BARU'),
('7472040004', '74', '7472', '7472040', 'LIABUKU'),
('7472040005', '74', '7472', '7472040', 'NGKARI-NGKARI'),
('7472040006', '74', '7472', '7472040', 'KAMPEONAHO'),
('7472040008', '74', '7472', '7472040', 'WALIABUKU'),
('7472040010', '74', '7472', '7472040', 'TAMPUNA'),
('7472041003', '74', '7472', '7472041', 'KALIA-LIA'),
('7472041004', '74', '7472', '7472041', 'KANTALAI'),
('7472041005', '74', '7472', '7472041', 'PALABUSA');

-- --------------------------------------------------------

--
-- Table structure for table `master_kab`
--

CREATE TABLE `master_kab` (
  `id_kab` int(4) NOT NULL,
  `id_prop` bigint(2) NOT NULL,
  `nm_kab` varchar(50) NOT NULL
) ENGINE=InnoDB DEFAULT CHARSET=latin1;

--
-- Dumping data for table `master_kab`
--

INSERT INTO `master_kab` (`id_kab`, `id_prop`, `nm_kab`) VALUES
(7401, 74, 'BUTON'),
(7402, 74, 'MUNA'),
(7403, 74, 'KONAWE'),
(7404, 74, 'KOLAKA'),
(7405, 74, 'KONAWE SELATAN'),
(7406, 74, 'BOMBANA'),
(7407, 74, 'WAKATOBI'),
(7408, 74, 'KOLAKA UTARA'),
(7409, 74, 'BUTON UTARA'),
(7410, 74, 'KONAWE UTARA'),
(7411, 74, 'KOLAKA TIMUR'),
(7412, 74, 'KONAWE KEPULAUAN'),
(7413, 74, 'MUNA BARAT'),
(7414, 74, 'BUTON TENGAH'),
(7415, 74, 'BUTON SELATAN'),
(7471, 74, 'KENDARI'),
(7472, 74, 'BAUBAU');

-- --------------------------------------------------------

--
-- Table structure for table `master_kec`
--

CREATE TABLE `master_kec` (
  `id_kec` int(7) NOT NULL,
  `id_prop` char(2) NOT NULL,
  `id_kab` char(4) NOT NULL,
  `nm_kec` varchar(50) NOT NULL
) ENGINE=InnoDB DEFAULT CHARSET=latin1;

--
-- Dumping data for table `master_kec`
--

INSERT INTO `master_kec` (`id_kec`, `id_prop`, `id_kab`, `nm_kec`) VALUES
(7401050, '74', '7401', 'LASALIMU'),
(7401051, '74', '7401', 'LASALIMU SELATAN'),
(7401052, '74', '7401', 'SIONTAPINA'),
(7401060, '74', '7401', 'PASAR WAJO'),
(7401061, '74', '7401', 'WOLOWA'),
(7401062, '74', '7401', 'WABULA'),
(7401110, '74', '7401', 'KAPONTORI'),
(7402010, '74', '7402', 'TONGKUNO'),
(7402011, '74', '7402', 'TONGKUNO SELATAN'),
(7402020, '74', '7402', 'PARIGI'),
(7402021, '74', '7402', 'BONE'),
(7402022, '74', '7402', 'MAROBO'),
(7402030, '74', '7402', 'KABAWO'),
(7402031, '74', '7402', 'KABANGKA'),
(7402032, '74', '7402', 'KONTUKOWUNA'),
(7402061, '74', '7402', 'KONTUNAGA'),
(7402062, '74', '7402', 'WATOPUTE'),
(7402070, '74', '7402', 'KATOBU'),
(7402071, '74', '7402', 'LOHIA'),
(7402072, '74', '7402', 'DURUKA'),
(7402073, '74', '7402', 'BATALAIWORU'),
(7402080, '74', '7402', 'NAPABALANO'),
(7402081, '74', '7402', 'LASALEPA'),
(7402083, '74', '7402', 'TOWEA'),
(7402090, '74', '7402', 'WAKORUMBA SELATAN'),
(7402091, '74', '7402', 'PASIR PUTIH'),
(7402092, '74', '7402', 'PASI KOLAGA'),
(7402111, '74', '7402', 'MALIGANO'),
(7402112, '74', '7402', 'BATUKARA'),
(7403090, '74', '7403', 'SOROPIA'),
(7403091, '74', '7403', 'LALONGGASUMEETO'),
(7403100, '74', '7403', 'SAMPARA'),
(7403101, '74', '7403', 'BONDOALA'),
(7403102, '74', '7403', 'BESULUTU'),
(7403103, '74', '7403', 'KAPOIALA'),
(7403104, '74', '7403', 'ANGGALOMOARE'),
(7403105, '74', '7403', 'MOROSI'),
(7403130, '74', '7403', 'LAMBUYA'),
(7403131, '74', '7403', 'UEPAI'),
(7403132, '74', '7403', 'PURIALA'),
(7403133, '74', '7403', 'ONEMBUTE'),
(7403140, '74', '7403', 'PONDIDAHA'),
(7403141, '74', '7403', 'WONGGEDUKU'),
(7403142, '74', '7403', 'AMONGGEDO'),
(7403143, '74', '7403', 'WONGGEDUKU BARAT'),
(7403150, '74', '7403', 'WAWOTOBI'),
(7403151, '74', '7403', 'MELUHU'),
(7403152, '74', '7403', 'KONAWE'),
(7403170, '74', '7403', 'UNAAHA'),
(7403171, '74', '7403', 'ANGGABERI'),
(7403180, '74', '7403', 'ABUKI'),
(7403181, '74', '7403', 'LATOMA'),
(7403182, '74', '7403', 'TONGAUNA'),
(7403183, '74', '7403', 'ASINUA'),
(7403184, '74', '7403', 'PADANGGUNI'),
(7403185, '74', '7403', 'TONGAUNA UTARA'),
(7403193, '74', '7403', 'ROUTA'),
(7404010, '74', '7404', 'WATUBANGGA'),
(7404011, '74', '7404', 'TANGGETADA'),
(7404012, '74', '7404', 'TOARI'),
(7404013, '74', '7404', 'POLINGGONA'),
(7404020, '74', '7404', 'POMALAA'),
(7404030, '74', '7404', 'WUNDULAKO'),
(7404031, '74', '7404', 'BAULA'),
(7404060, '74', '7404', 'KOLAKA'),
(7404061, '74', '7404', 'LATAMBAGA'),
(7404070, '74', '7404', 'WOLO'),
(7404071, '74', '7404', 'SAMATURU'),
(7404072, '74', '7404', 'IWOIMENDAA'),
(7405010, '74', '7405', 'TINANGGEA'),
(7405011, '74', '7405', 'LALEMBUU'),
(7405020, '74', '7405', 'ANDOOLO'),
(7405021, '74', '7405', 'BUKE'),
(7405022, '74', '7405', 'ANDOOLO BARAT'),
(7405030, '74', '7405', 'PALANGGA'),
(7405031, '74', '7405', 'PALANGGA SELATAN'),
(7405032, '74', '7405', 'BAITO'),
(7405040, '74', '7405', 'LAINEA'),
(7405041, '74', '7405', 'LAEYA'),
(7405050, '74', '7405', 'KOLONO'),
(7405051, '74', '7405', 'KOLONO TIMUR'),
(7405060, '74', '7405', 'LAONTI'),
(7405070, '74', '7405', 'MORAMO'),
(7405071, '74', '7405', 'MORAMO UTARA'),
(7405080, '74', '7405', 'KONDA'),
(7405081, '74', '7405', 'WOLASI'),
(7405090, '74', '7405', 'RANOMEETO'),
(7405091, '74', '7405', 'RANOMEETO BARAT'),
(7405100, '74', '7405', 'LANDONO'),
(7405101, '74', '7405', 'MOWILA'),
(7405102, '74', '7405', 'SABULAKOA'),
(7405110, '74', '7405', 'ANGATA'),
(7405111, '74', '7405', 'BENUA'),
(7405112, '74', '7405', 'BASALA'),
(7406010, '74', '7406', 'KABAENA'),
(7406011, '74', '7406', 'KABAENA UTARA'),
(7406012, '74', '7406', 'KABAENA SELATAN'),
(7406013, '74', '7406', 'KABAENA BARAT'),
(7406020, '74', '7406', 'KABAENA TIMUR'),
(7406021, '74', '7406', 'KABAENA TENGAH'),
(7406030, '74', '7406', 'RUMBIA'),
(7406031, '74', '7406', 'MATA OLEO'),
(7406032, '74', '7406', 'KEP. MASALOKA RAYA'),
(7406033, '74', '7406', 'RUMBIA TENGAH'),
(7406040, '74', '7406', 'RAROWATU'),
(7406041, '74', '7406', 'RAROWATU UTARA'),
(7406042, '74', '7406', 'MATA USU'),
(7406043, '74', '7406', 'LANTARI JAYA'),
(7406050, '74', '7406', 'POLEANG TIMUR'),
(7406051, '74', '7406', 'POLEANG UTARA'),
(7406052, '74', '7406', 'POLEANG SELATAN'),
(7406053, '74', '7406', 'POLEANG TENGGARA'),
(7406060, '74', '7406', 'POLEANG'),
(7406061, '74', '7406', 'POLEANG BARAT'),
(7406062, '74', '7406', 'TONTONUNU'),
(7406063, '74', '7406', 'POLEANG TENGAH'),
(7407010, '74', '7407', 'BINONGKO'),
(7407011, '74', '7407', 'TOGO BINONGKO'),
(7407020, '74', '7407', 'TOMIA'),
(7407021, '74', '7407', 'TOMIA TIMUR'),
(7407030, '74', '7407', 'KALEDUPA'),
(7407031, '74', '7407', 'KALEDUPA SELATAN'),
(7407040, '74', '7407', 'WANGI-WANGI'),
(7407050, '74', '7407', 'WANGI-WANGI SELATAN'),
(7408010, '74', '7408', 'RANTEANGIN'),
(7408011, '74', '7408', 'LAMBAI'),
(7408012, '74', '7408', 'WAWO'),
(7408020, '74', '7408', 'LASUSUA'),
(7408021, '74', '7408', 'KATOI'),
(7408030, '74', '7408', 'KODEOHA'),
(7408031, '74', '7408', 'TIWU'),
(7408040, '74', '7408', 'NGAPA'),
(7408041, '74', '7408', 'WATUNOHU'),
(7408050, '74', '7408', 'PAKUE'),
(7408051, '74', '7408', 'PAKUE UTARA'),
(7408052, '74', '7408', 'PAKUE TENGAH'),
(7408060, '74', '7408', 'BATU PUTIH'),
(7408061, '74', '7408', 'POREHU'),
(7408062, '74', '7408', 'TOLALA'),
(7409100, '74', '7409', 'BONEGUNU'),
(7409101, '74', '7409', 'KAMBOWA'),
(7409110, '74', '7409', 'WAKORUMBA'),
(7409120, '74', '7409', 'KULISUSU'),
(7409121, '74', '7409', 'KULISUSU BARAT'),
(7409122, '74', '7409', 'KULISUSU UTARA'),
(7410010, '74', '7410', 'SAWA'),
(7410011, '74', '7410', 'MOTUI'),
(7410020, '74', '7410', 'LEMBO'),
(7410030, '74', '7410', 'LASOLO'),
(7410031, '74', '7410', 'WAWOLESEA'),
(7410032, '74', '7410', 'LASOLO KEPULAUAN'),
(7410040, '74', '7410', 'MOLAWE'),
(7410050, '74', '7410', 'ASERA'),
(7410051, '74', '7410', 'ANDOWIA'),
(7410052, '74', '7410', 'OHEO'),
(7410060, '74', '7410', 'LANGGIKIMA'),
(7410070, '74', '7410', 'WIWIRANO'),
(7410071, '74', '7410', 'LANDAWE'),
(7411010, '74', '7411', 'AERE'),
(7411020, '74', '7411', 'LAMBANDIA'),
(7411030, '74', '7411', 'POLI-POLIA'),
(7411040, '74', '7411', 'DANGIA'),
(7411050, '74', '7411', 'LADONGI'),
(7411060, '74', '7411', 'LOEA'),
(7411070, '74', '7411', 'TIRAWUTA'),
(7411080, '74', '7411', 'LALOLAE'),
(7411090, '74', '7411', 'MOWEWE'),
(7411100, '74', '7411', 'TINONDO'),
(7411110, '74', '7411', 'ULUIWOI'),
(7411120, '74', '7411', 'UEESI'),
(7412010, '74', '7412', 'WAWONII TENGGARA'),
(7412020, '74', '7412', 'WAWONII TIMUR'),
(7412030, '74', '7412', 'WAWONII TIMUR LAUT'),
(7412040, '74', '7412', 'WAWONII UTARA'),
(7412050, '74', '7412', 'WAWONII SELATAN'),
(7412060, '74', '7412', 'WAWONII TENGAH'),
(7412070, '74', '7412', 'WAWONII BARAT'),
(7413010, '74', '7413', 'TIWORO KEPULAUAN'),
(7413020, '74', '7413', 'MAGINTI'),
(7413030, '74', '7413', 'TIWORO TENGAH'),
(7413040, '74', '7413', 'TIWORO SELATAN'),
(7413050, '74', '7413', 'TIWORO UTARA'),
(7413060, '74', '7413', 'LAWA'),
(7413070, '74', '7413', 'SAWERIGADI'),
(7413080, '74', '7413', 'BARANGKA'),
(7413090, '74', '7413', 'WA DAGA'),
(7413100, '74', '7413', 'KUSAMBI'),
(7413110, '74', '7413', 'NAPANO KUSAMBI'),
(7414010, '74', '7414', 'TALAGA RAYA'),
(7414020, '74', '7414', 'MAWASANGKA'),
(7414030, '74', '7414', 'MAWASANGKA TENGAH'),
(7414040, '74', '7414', 'MAWASANGKA TIMUR'),
(7414050, '74', '7414', 'LAKUDO'),
(7414060, '74', '7414', 'GU'),
(7414070, '74', '7414', 'SANGIA WAMBULU'),
(7415010, '74', '7415', 'BATU ATAS'),
(7415020, '74', '7415', 'LAPANDEWA'),
(7415030, '74', '7415', 'SAMPOLAWA'),
(7415040, '74', '7415', 'BATAUGA'),
(7415050, '74', '7415', 'SIOMPU BARAT'),
(7415060, '74', '7415', 'SIOMPU'),
(7415070, '74', '7415', 'KADATUA'),
(7471010, '74', '7471', 'MANDONGA'),
(7471011, '74', '7471', 'BARUGA'),
(7471012, '74', '7471', 'PUUWATU'),
(7471013, '74', '7471', 'KADIA'),
(7471014, '74', '7471', 'WUA-WUA'),
(7471020, '74', '7471', 'POASIA'),
(7471021, '74', '7471', 'ABELI'),
(7471022, '74', '7471', 'KAMBU'),
(7471030, '74', '7471', 'KENDARI'),
(7471031, '74', '7471', 'KENDARI BARAT'),
(7472010, '74', '7472', 'BETOAMBARI'),
(7472011, '74', '7472', 'MURHUM'),
(7472012, '74', '7472', 'BATUPOARO'),
(7472020, '74', '7472', 'WOLIO'),
(7472021, '74', '7472', 'KOKALUKUNA'),
(7472030, '74', '7472', 'SORAWOLIO'),
(7472040, '74', '7472', 'BUNGI'),
(7472041, '74', '7472', 'LEA-LEA');

-- --------------------------------------------------------

--
-- Table structure for table `master_prop`
--

CREATE TABLE `master_prop` (
  `id_prop` int(2) NOT NULL,
  `nm_prop` varchar(50) NOT NULL
) ENGINE=InnoDB DEFAULT CHARSET=latin1;

--
-- Dumping data for table `master_prop`
--

INSERT INTO `master_prop` (`id_prop`, `nm_prop`) VALUES
(74, 'SULAWESI TENGGARA');

-- --------------------------------------------------------

--
-- Table structure for table `mitra`
--

CREATE TABLE `mitra` (
  `id` int(11) NOT NULL,
  `nama` varchar(256) NOT NULL,
  `jenis_kelamin` int(11) NOT NULL,
  `tanggal_lahir` date NOT NULL,
  `propinsi` int(2) NOT NULL,
  `kabupaten` int(4) NOT NULL,
  `kecamatan` int(7) NOT NULL,
  `desa` char(10) NOT NULL,
  `no_hp` varchar(20) NOT NULL,
  `pendidikan` int(11) NOT NULL,
  `pengalaman_survei` text NOT NULL,
  `penguasaan_kendaraan_motor` int(2) NOT NULL,
  `penguasaan_hp_android_ics_keatas` int(2) NOT NULL,
  `penguasaan_hp_android_ics_kebawah` int(2) NOT NULL,
  `penguasaan_hp_ios` int(2) NOT NULL,
  `penguasaan_hp_lainnya` int(2) NOT NULL,
  `id_user` int(11) NOT NULL,
  `foto` text NOT NULL,
  `rating` double NOT NULL
) ENGINE=InnoDB DEFAULT CHARSET=latin1;

--
-- Dumping data for table `mitra`
--

INSERT INTO `mitra` (`id`, `nama`, `jenis_kelamin`, `tanggal_lahir`, `propinsi`, `kabupaten`, `kecamatan`, `desa`, `no_hp`, `pendidikan`, `pengalaman_survei`, `penguasaan_kendaraan_motor`, `penguasaan_hp_android_ics_keatas`, `penguasaan_hp_android_ics_kebawah`, `penguasaan_hp_ios`, `penguasaan_hp_lainnya`, `id_user`, `foto`, `rating`) VALUES
(1, 'wayan', 1, '2018-01-12', 74, 7401, 7401050, '7401050016', '+6282292196832', 3, '1,2,3,4', 3, 5, 2, 1, 4, 7402, '1515073380scan-ktp.jpg', 4);

-- --------------------------------------------------------

--
-- Table structure for table `pendidikan`
--

CREATE TABLE `pendidikan` (
  `id` int(11) NOT NULL,
  `nama` varchar(256) NOT NULL
) ENGINE=InnoDB DEFAULT CHARSET=latin1;

--
-- Dumping data for table `pendidikan`
--

INSERT INTO `pendidikan` (`id`, `nama`) VALUES
(1, '< SMA'),
(2, 'SMA'),
(3, 'D1/D2/D3/D4/S1'),
(4, '> S2');

-- --------------------------------------------------------

--
-- Table structure for table `survei`
--

CREATE TABLE `survei` (
  `id` int(11) NOT NULL,
  `nama` varchar(256) NOT NULL
) ENGINE=InnoDB DEFAULT CHARSET=latin1;

--
-- Dumping data for table `survei`
--

INSERT INTO `survei` (`id`, `nama`) VALUES
(1, 'Sensus Penduduk (SP)'),
(2, 'Survei Sosial Ekonomi Nasional (SUSENAS)'),
(3, 'Survei Angkatan Kerja Nasional (SAKERNAS)'),
(4, 'Pendataan Potensi Desa (PODES)'),
(5, ' Survei Penduduk Antar Sensus (SUPAS)'),
(6, ' Survei Monitoring Krisis Global (SMKG)'),
(7, ' Survei Demografi dan Kesehatan Indonesia (SDKI)'),
(8, 'Survei Perilaku Peduli Lingkungan Hidup (SPPLH)'),
(9, ' Multiple Indicator Cluster Survey (MICS)'),
(10, ' Survei Surveilans Perilaku (SSP)'),
(11, ' Survei Komuter (KOMUTER)'),
(12, ' Sensus Ekonomi (SE)'),
(13, 'Sensus Pertanian (ST)'),
(14, ' Kompilasi Data Statistik Ekspor (EKSPOR)'),
(15, ' Kompilasi Data Statistik Impor (IMPOR)'),
(16, ' Survei Usaha Terintegrasi (SUSI)'),
(17, ' Survei Biaya Hidup (SBH)'),
(18, ' Survei Harga Konsumen (SHK)'),
(19, ' Survei Harga Perdesaan (SHPED)'),
(20, ' Survei Industri Mikro dan Kecil (IMK)'),
(21, ' Survei Deteksi Dini Dampak Krisis (SD3K)'),
(22, ' Survei Struktur Ongkos Usaha Tani (SOUT)'),
(23, ' Survei Industri Besar/Sedang (IBS)'),
(24, 'Survei Perusahaan Konstruksi (KONSTRUKSI)');

-- --------------------------------------------------------

--
-- Table structure for table `user`
--

CREATE TABLE `user` (
  `id` int(11) NOT NULL,
  `username` varchar(50) NOT NULL,
  `password` varchar(50) NOT NULL,
  `level` int(11) NOT NULL,
  `alias` varchar(256) NOT NULL
) ENGINE=InnoDB DEFAULT CHARSET=latin1;

--
-- Dumping data for table `user`
--

INSERT INTO `user` (`id`, `username`, `password`, `level`, `alias`) VALUES
(7400, 'bps7400', 'bps7400', 1, 'BPS Provinsi Sulawesi Tenggara'),
(7401, 'bps7401', 'bps7401', 2, 'BPS Kabupaten Buton'),
(7402, 'bps7402', 'bps7402', 2, 'BPS Kabupaten Muna'),
(7403, 'bps7403', 'bps7403', 2, 'BPS Kabupaten Konawe'),
(7404, 'bps7404', 'bps7404', 2, 'BPS Kabupaten Kolaka'),
(7405, 'bps7405', 'bps7405', 2, 'BPS Kabupaten Konawe Selatan'),
(7406, 'bps7406', 'bps7406', 2, 'BPS Kabupaten Bombana'),
(7407, 'bps7407', 'bps7407', 2, 'BPS Kabupaten Wakatobi'),
(7408, 'bps7408', 'bps7408', 2, 'BPS Kabupaten Kolaka Utara'),
(7409, 'bps7409', 'bps7409', 2, 'BPS Kabupaten Buton Utara'),
(7410, 'bps7410', 'bps7410', 2, 'BPS Kabupaten Konawe Utara'),
(7411, 'bps7411', 'bps7411', 2, 'BPS Kabupaten Kolaka Timur'),
(7412, 'bps7412', 'bps7412', 2, 'BPS Kabupaten Konawe Kepulauan'),
(7413, 'bps7413', 'bps7413', 2, 'BPS Kabupaten Muna Barat'),
(7414, 'bps7414', 'bps7414', 2, 'BPS Kabupaten Buton Tengah'),
(7415, 'bps7415', 'bps7415', 2, 'BPS Kabupaten Buton Selatan'),
(7471, 'bps7471', 'bps7471', 2, 'BPS Kota Kendari'),
(7472, 'bps7472', 'bps7472', 2, 'BPS Kota Baubau');

--
-- Indexes for dumped tables
--

--
-- Indexes for table `jenis_kelamin`
--
ALTER TABLE `jenis_kelamin`
  ADD PRIMARY KEY (`id`);

--
-- Indexes for table `level`
--
ALTER TABLE `level`
  ADD PRIMARY KEY (`id`);

--
-- Indexes for table `master_desa`
--
ALTER TABLE `master_desa`
  ADD PRIMARY KEY (`id_desa`),
  ADD KEY `idx_desa` (`id_kab`);

--
-- Indexes for table `master_kab`
--
ALTER TABLE `master_kab`
  ADD PRIMARY KEY (`id_kab`),
  ADD KEY `id_prop` (`id_prop`);

--
-- Indexes for table `master_kec`
--
ALTER TABLE `master_kec`
  ADD PRIMARY KEY (`id_kec`);

--
-- Indexes for table `master_prop`
--
ALTER TABLE `master_prop`
  ADD PRIMARY KEY (`id_prop`);

--
-- Indexes for table `mitra`
--
ALTER TABLE `mitra`
  ADD PRIMARY KEY (`id`),
  ADD KEY `pendidikan` (`pendidikan`),
  ADD KEY `jenis_kelamin` (`jenis_kelamin`),
  ADD KEY `propinsi` (`propinsi`),
  ADD KEY `kabupaten` (`kabupaten`),
  ADD KEY `kecamatan` (`kecamatan`),
  ADD KEY `id_user` (`id_user`),
  ADD KEY `desa` (`desa`);

--
-- Indexes for table `pendidikan`
--
ALTER TABLE `pendidikan`
  ADD PRIMARY KEY (`id`);

--
-- Indexes for table `survei`
--
ALTER TABLE `survei`
  ADD PRIMARY KEY (`id`);

--
-- Indexes for table `user`
--
ALTER TABLE `user`
  ADD PRIMARY KEY (`id`),
  ADD KEY `level` (`level`);

--
-- AUTO_INCREMENT for dumped tables
--

--
-- AUTO_INCREMENT for table `jenis_kelamin`
--
ALTER TABLE `jenis_kelamin`
  MODIFY `id` int(11) NOT NULL AUTO_INCREMENT, AUTO_INCREMENT=3;
--
-- AUTO_INCREMENT for table `level`
--
ALTER TABLE `level`
  MODIFY `id` int(11) NOT NULL AUTO_INCREMENT, AUTO_INCREMENT=3;
--
-- AUTO_INCREMENT for table `mitra`
--
ALTER TABLE `mitra`
  MODIFY `id` int(11) NOT NULL AUTO_INCREMENT, AUTO_INCREMENT=2;
--
-- AUTO_INCREMENT for table `pendidikan`
--
ALTER TABLE `pendidikan`
  MODIFY `id` int(11) NOT NULL AUTO_INCREMENT, AUTO_INCREMENT=5;
--
-- AUTO_INCREMENT for table `survei`
--
ALTER TABLE `survei`
  MODIFY `id` int(11) NOT NULL AUTO_INCREMENT, AUTO_INCREMENT=25;
--
-- AUTO_INCREMENT for table `user`
--
ALTER TABLE `user`
  MODIFY `id` int(11) NOT NULL AUTO_INCREMENT, AUTO_INCREMENT=7473;
--
-- Constraints for dumped tables
--

--
-- Constraints for table `mitra`
--
ALTER TABLE `mitra`
  ADD CONSTRAINT `mitra_ibfk_1` FOREIGN KEY (`pendidikan`) REFERENCES `pendidikan` (`id`),
  ADD CONSTRAINT `mitra_ibfk_2` FOREIGN KEY (`jenis_kelamin`) REFERENCES `jenis_kelamin` (`id`),
  ADD CONSTRAINT `mitra_ibfk_3` FOREIGN KEY (`propinsi`) REFERENCES `master_prop` (`id_prop`),
  ADD CONSTRAINT `mitra_ibfk_4` FOREIGN KEY (`kabupaten`) REFERENCES `master_kab` (`id_kab`),
  ADD CONSTRAINT `mitra_ibfk_5` FOREIGN KEY (`kecamatan`) REFERENCES `master_kec` (`id_kec`),
  ADD CONSTRAINT `mitra_ibfk_6` FOREIGN KEY (`id_user`) REFERENCES `user` (`id`) ON UPDATE CASCADE,
  ADD CONSTRAINT `mitra_ibfk_7` FOREIGN KEY (`desa`) REFERENCES `master_desa` (`id_desa`);

--
-- Constraints for table `user`
--
ALTER TABLE `user`
  ADD CONSTRAINT `user_ibfk_1` FOREIGN KEY (`level`) REFERENCES `level` (`id`);

/*!40101 SET CHARACTER_SET_CLIENT=@OLD_CHARACTER_SET_CLIENT */;
/*!40101 SET CHARACTER_SET_RESULTS=@OLD_CHARACTER_SET_RESULTS */;
/*!40101 SET COLLATION_CONNECTION=@OLD_COLLATION_CONNECTION */;
